{"BeeBuildProgramCommon.Data.ConfigurationData":{"Il2CppDir":"C:\\Program Files\\Unity\\Hub\\Editor\\2022.3.27f1\\Editor\\Data\\il2cpp","UnityLinkerPath":"C:\\Program Files\\Unity\\Hub\\Editor\\2022.3.27f1\\Editor\\Data\\il2cpp/build/deploy/UnityLinker.exe","Il2CppPath":"C:\\Program Files\\Unity\\Hub\\Editor\\2022.3.27f1\\Editor\\Data\\il2cpp/build/deploy/il2cpp.exe","NetCoreRunPath":"C:/Program Files/Unity/Hub/Editor/2022.3.27f1/Editor/Data\\Tools\\netcorerun\\netcorerun.exe","DotNetExe":"C:/Program Files/Unity/Hub/Editor/2022.3.27f1/Editor/Data/NetCoreRuntime/dotnet.exe","EditorContentsPath":"C:/Program Files/Unity/Hub/Editor/2022.3.27f1/Editor/Data","Packages":[{"Name":"com.unity.ai.navigation","ResolvedPath":"Library/PackageCache/com.unity.ai.navigation@1.1.5"},{"Name":"com.unity.collab-proxy","ResolvedPath":"Library/PackageCache/com.unity.collab-proxy@2.3.1"},{"Name":"com.unity.feature.development","ResolvedPath":"Library/PackageCache/com.unity.feature.development@1.0.1"},{"Name":"com.unity.textmeshpro","ResolvedPath":"Library/PackageCache/com.unity.textmeshpro@3.0.6"},{"Name":"com.unity.timeline","ResolvedPath":"Library/PackageCache/com.unity.timeline@1.7.6"},{"Name":"com.unity.ugui","ResolvedPath":"Library/PackageCache/com.unity.ugui@1.0.0"},{"Name":"com.unity.visualscripting","ResolvedPath":"Library/PackageCache/com.unity.visualscripting@1.9.4"},{"Name":"com.unity.modules.ai","ResolvedPath":"Library/PackageCache/com.unity.modules.ai@1.0.0"},{"Name":"com.unity.modules.androidjni","ResolvedPath":"Library/PackageCache/com.unity.modules.androidjni@1.0.0"},{"Name":"com.unity.modules.animation","ResolvedPath":"Library/PackageCache/com.unity.modules.animation@1.0.0"},{"Name":"com.unity.modules.assetbundle","ResolvedPath":"Library/PackageCache/com.unity.modules.assetbundle@1.0.0"},{"Name":"com.unity.modules.audio","ResolvedPath":"Library/PackageCache/com.unity.modules.audio@1.0.0"},{"Name":"com.unity.modules.cloth","ResolvedPath":"Library/PackageCache/com.unity.modules.cloth@1.0.0"},{"Name":"com.unity.modules.director","ResolvedPath":"Library/PackageCache/com.unity.modules.director@1.0.0"},{"Name":"com.unity.modules.imageconversion","ResolvedPath":"Library/PackageCache/com.unity.modules.imageconversion@1.0.0"},{"Name":"com.unity.modules.imgui","ResolvedPath":"Library/PackageCache/com.unity.modules.imgui@1.0.0"},{"Name":"com.unity.modules.jsonserialize","ResolvedPath":"Library/PackageCache/com.unity.modules.jsonserialize@1.0.0"},{"Name":"com.unity.modules.particlesystem","ResolvedPath":"Library/PackageCache/com.unity.modules.particlesystem@1.0.0"},{"Name":"com.unity.modules.physics","ResolvedPath":"Library/PackageCache/com.unity.modules.physics@1.0.0"},{"Name":"com.unity.modules.physics2d","ResolvedPath":"Library/PackageCache/com.unity.modules.physics2d@1.0.0"},{"Name":"com.unity.modules.screencapture","ResolvedPath":"Library/PackageCache/com.unity.modules.screencapture@1.0.0"},{"Name":"com.unity.modules.terrain","ResolvedPath":"Library/PackageCache/com.unity.modules.terrain@1.0.0"},{"Name":"com.unity.modules.terrainphysics","ResolvedPath":"Library/PackageCache/com.unity.modules.terrainphysics@1.0.0"},{"Name":"com.unity.modules.tilemap","ResolvedPath":"Library/PackageCache/com.unity.modules.tilemap@1.0.0"},{"Name":"com.unity.modules.ui","ResolvedPath":"Library/PackageCache/com.unity.modules.ui@1.0.0"},{"Name":"com.unity.modules.uielements","ResolvedPath":"Library/PackageCache/com.unity.modules.uielements@1.0.0"},{"Name":"com.unity.modules.umbra","ResolvedPath":"Library/PackageCache/com.unity.modules.umbra@1.0.0"},{"Name":"com.unity.modules.unityanalytics","ResolvedPath":"Library/PackageCache/com.unity.modules.unityanalytics@1.0.0"},{"Name":"com.unity.modules.unitywebrequest","ResolvedPath":"Library/PackageCache/com.unity.modules.unitywebrequest@1.0.0"},{"Name":"com.unity.modules.unitywebrequestassetbundle","ResolvedPath":"Library/PackageCache/com.unity.modules.unitywebrequestassetbundle@1.0.0"},{"Name":"com.unity.modules.unitywebrequestaudio","ResolvedPath":"Library/PackageCache/com.unity.modules.unitywebrequestaudio@1.0.0"},{"Name":"com.unity.modules.unitywebrequesttexture","ResolvedPath":"Library/PackageCache/com.unity.modules.unitywebrequesttexture@1.0.0"},{"Name":"com.unity.modules.unitywebrequestwww","ResolvedPath":"Library/PackageCache/com.unity.modules.unitywebrequestwww@1.0.0"},{"Name":"com.unity.modules.vehicles","ResolvedPath":"Library/PackageCache/com.unity.modules.vehicles@1.0.0"},{"Name":"com.unity.modules.video","ResolvedPath":"Library/PackageCache/com.unity.modules.video@1.0.0"},{"Name":"com.unity.modules.vr","ResolvedPath":"Library/PackageCache/com.unity.modules.vr@1.0.0"},{"Name":"com.unity.modules.wind","ResolvedPath":"Library/PackageCache/com.unity.modules.wind@1.0.0"},{"Name":"com.unity.modules.xr","ResolvedPath":"Library/PackageCache/com.unity.modules.xr@1.0.0"},{"Name":"com.unity.modules.subsystems","ResolvedPath":"Library/PackageCache/com.unity.modules.subsystems@1.0.0"},{"Name":"com.unity.ide.visualstudio","ResolvedPath":"Library/PackageCache/com.unity.ide.visualstudio@2.0.22"},{"Name":"com.unity.ide.rider","ResolvedPath":"Library/PackageCache/com.unity.ide.rider@3.0.28"},{"Name":"com.unity.ide.vscode","ResolvedPath":"Library/PackageCache/com.unity.ide.vscode@1.2.5"},{"Name":"com.unity.editorcoroutines","ResolvedPath":"Library/PackageCache/com.unity.editorcoroutines@1.0.0"},{"Name":"com.unity.performance.profile-analyzer","ResolvedPath":"Library/PackageCache/com.unity.performance.profile-analyzer@1.2.2"},{"Name":"com.unity.test-framework","ResolvedPath":"Library/PackageCache/com.unity.test-framework@1.1.33"},{"Name":"com.unity.testtools.codecoverage","ResolvedPath":"Library/PackageCache/com.unity.testtools.codecoverage@1.2.5"},{"Name":"com.unity.settings-manager","ResolvedPath":"Library/PackageCache/com.unity.settings-manager@2.0.1"},{"Name":"com.unity.ext.nunit","ResolvedPath":"Library/PackageCache/com.unity.ext.nunit@1.0.6"}],"UnityVersion":"2022.3.27f1","UnityVersionNumeric":{"Release":2022,"Major":3,"Minor":27},"AdvancedLicense":false,"Batchmode":false,"EmitDataForBeeWhy":false,"NamedPipeOrUnixSocket":"unity-ilpp-45b8317d0b0f7a5c0d4ae040ba94edf2"},"ScriptCompilationBuildProgram.Data.ScriptCompilationData":{"Assemblies":[],"DotnetRuntimePath":"C:/Program Files/Unity/Hub/Editor/2022.3.27f1/Editor/Data/NetCoreRuntime","DotnetRoslynPath":"C:/Program Files/Unity/Hub/Editor/2022.3.27f1/Editor/Data/DotNetSdkRoslyn","MovedFromExtractorPath":"C:/Program Files/Unity/Hub/Editor/2022.3.27f1/Editor/Data/Tools/ScriptUpdater/ApiUpdater.MovedFromExtractor.exe","OutputDirectory":"Library/ScriptAssemblies","Debug":false,"BuildTarget":"StandaloneWindows64","Localization":"en-US","BuildPlayerDataOutput":"Library/BuildPlayerData/Editor","ExtractRuntimeInitializeOnLoads":false,"EnableDiagnostics":false,"EmitInfoForScriptUpdater":true,"AssembliesToScanForTypeDB":["Library/ScriptAssemblies/Assembly-CSharp.dll","Library/ScriptAssemblies/Unity.AI.Navigation.dll","Library/ScriptAssemblies/Unity.TextMeshPro.dll","Library/ScriptAssemblies/Unity.Timeline.dll","Library/ScriptAssemblies/Unity.VisualScripting.Core.dll","Library/ScriptAssemblies/Unity.VisualScripting.Flow.dll","Library/ScriptAssemblies/Unity.VisualScripting.State.dll","Library/ScriptAssemblies/UnityEngine.TestRunner.dll","Library/ScriptAssemblies/UnityEngine.UI.dll","Packages/com.unity.ext.nunit/net35/unity-custom/nunit.framework.dll","Packages/com.unity.testtools.codecoverage/lib/ReportGenerator/ReportGeneratorMerged.dll","Packages/com.unity.visualscripting/Runtime/VisualScripting.Flow/Dependencies/NCalc/Unity.VisualScripting.Antlr3.Runtime.dll"],"SearchPaths":["C:\\Program Files\\Unity\\Hub\\Editor\\2022.3.27f1\\Editor\\Data\\Managed\\UnityEngine","C:\\Program Files\\Unity\\Hub\\Editor\\2022.3.27f1\\Editor\\Data\\NetStandard\\compat\\2.1.0\\shims\\netfx","C:\\Program Files\\Unity\\Hub\\Editor\\2022.3.27f1\\Editor\\Data\\NetStandard\\compat\\2.1.0\\shims\\netstandard","C:\\Program Files\\Unity\\Hub\\Editor\\2022.3.27f1\\Editor\\Data\\NetStandard\\Extensions\\2.0.0","C:\\Program Files\\Unity\\Hub\\Editor\\2022.3.27f1\\Editor\\Data\\NetStandard\\ref\\2.1.0","Library/ScriptAssemblies","Packages/com.unity.ext.nunit/net35/unity-custom","Packages/com.unity.testtools.codecoverage/lib/ReportGenerator","Packages/com.unity.visualscripting/Runtime/VisualScripting.Flow/Dependencies/NCalc"]}}