{"msg":"init","dagFile":"Library/Bee/Playere0bc199e.dag","targets":["Player"]}
{"msg":"enqueueNode","enqueuedNodeAnnotation":"Player","enqueuedNodeIndex":147}
{"msg":"enqueueNode","enqueuedNodeAnnotation":"CopyFiles Build/My project_Data/globalgamemanagers","enqueuedNodeIndex":1,"enqueueingNodeAnnotation":"Player","enqueueingNodeIndex":147}
{"msg":"enqueueNode","enqueuedNodeAnnotation":"CopyFiles Build/My project_Data/globalgamemanagers.assets","enqueuedNodeIndex":2,"enqueueingNodeAnnotation":"Player","enqueueingNodeIndex":147}
{"msg":"enqueueNode","enqueuedNodeAnnotation":"CopyFiles Build/My project_Data/globalgamemanagers.assets.resS","enqueuedNodeIndex":3,"enqueueingNodeAnnotation":"Player","enqueueingNodeIndex":147}
{"msg":"enqueueNode","enqueuedNodeAnnotation":"CopyFiles Build/My project_Data/level0","enqueuedNodeIndex":4,"enqueueingNodeAnnotation":"Player","enqueueingNodeIndex":147}
{"msg":"enqueueNode","enqueuedNodeAnnotation":"CopyFiles Build/My project_Data/level0.resS","enqueuedNodeIndex":5,"enqueueingNodeAnnotation":"Player","enqueueingNodeIndex":147}
{"msg":"enqueueNode","enqueuedNodeAnnotation":"CopyFiles Build/My project_Data/level1","enqueuedNodeIndex":6,"enqueueingNodeAnnotation":"Player","enqueueingNodeIndex":147}
{"msg":"enqueueNode","enqueuedNodeAnnotation":"CopyFiles Build/My project_Data/level1.resS","enqueuedNodeIndex":7,"enqueueingNodeAnnotation":"Player","enqueueingNodeIndex":147}
{"msg":"enqueueNode","enqueuedNodeAnnotation":"CopyFiles Build/My project_Data/level2","enqueuedNodeIndex":8,"enqueueingNodeAnnotation":"Player","enqueueingNodeIndex":147}
{"msg":"enqueueNode","enqueuedNodeAnnotation":"CopyFiles Build/My project_Data/level2.resS","enqueuedNodeIndex":9,"enqueueingNodeAnnotation":"Player","enqueueingNodeIndex":147}
{"msg":"enqueueNode","enqueuedNodeAnnotation":"CopyFiles Build/My project_Data/resources.assets","enqueuedNodeIndex":10,"enqueueingNodeAnnotation":"Player","enqueueingNodeIndex":147}
{"msg":"enqueueNode","enqueuedNodeAnnotation":"CopyFiles Build/My project_Data/resources.assets.resS","enqueuedNodeIndex":11,"enqueueingNodeAnnotation":"Player","enqueueingNodeIndex":147}
{"msg":"enqueueNode","enqueuedNodeAnnotation":"CopyFiles Build/My project_Data/Resources/unity_builtin_extra","enqueuedNodeIndex":12,"enqueueingNodeAnnotation":"Player","enqueueingNodeIndex":147}
{"msg":"enqueueNode","enqueuedNodeAnnotation":"CopyFiles Build/My project_Data/RuntimeInitializeOnLoads.json","enqueuedNodeIndex":13,"enqueueingNodeAnnotation":"Player","enqueueingNodeIndex":147}
{"msg":"enqueueNode","enqueuedNodeAnnotation":"CopyFiles Build/My project_Data/ScriptingAssemblies.json","enqueuedNodeIndex":14,"enqueueingNodeAnnotation":"Player","enqueueingNodeIndex":147}
{"msg":"enqueueNode","enqueuedNodeAnnotation":"CopyFiles Build/My project_Data/sharedassets0.assets","enqueuedNodeIndex":15,"enqueueingNodeAnnotation":"Player","enqueueingNodeIndex":147}
{"msg":"enqueueNode","enqueuedNodeAnnotation":"CopyFiles Build/My project_Data/sharedassets0.assets.resS","enqueuedNodeIndex":16,"enqueueingNodeAnnotation":"Player","enqueueingNodeIndex":147}
{"msg":"enqueueNode","enqueuedNodeAnnotation":"CopyFiles Build/My project_Data/sharedassets1.assets","enqueuedNodeIndex":17,"enqueueingNodeAnnotation":"Player","enqueueingNodeIndex":147}
{"msg":"enqueueNode","enqueuedNodeAnnotation":"CopyFiles Build/My project_Data/sharedassets1.assets.resS","enqueuedNodeIndex":18,"enqueueingNodeAnnotation":"Player","enqueueingNodeIndex":147}
{"msg":"enqueueNode","enqueuedNodeAnnotation":"CopyFiles Build/My project_Data/sharedassets2.assets","enqueuedNodeIndex":19,"enqueueingNodeAnnotation":"Player","enqueueingNodeIndex":147}
{"msg":"enqueueNode","enqueuedNodeAnnotation":"CopyFiles Build/My project_Data/boot.config","enqueuedNodeIndex":22,"enqueueingNodeAnnotation":"Player","enqueueingNodeIndex":147}
{"msg":"enqueueNode","enqueuedNodeAnnotation":"AddBootConfigGUID Library/Bee/artifacts/WinPlayerBuildProgram/boot.config","enqueuedNodeIndex":21,"enqueueingNodeAnnotation":"CopyFiles Build/My project_Data/boot.config","enqueueingNodeIndex":22}
{"msg":"enqueueNode","enqueuedNodeAnnotation":"WriteText Library/Bee/artifacts/csharpactions/boot.config_tyr4.info","enqueuedNodeIndex":20,"enqueueingNodeAnnotation":"AddBootConfigGUID Library/Bee/artifacts/WinPlayerBuildProgram/boot.config","enqueueingNodeIndex":21}
{"msg":"enqueueNode","enqueuedNodeAnnotation":"CopyFiles Build/My project_Data/Managed/UnityEngine.AIModule.dll","enqueuedNodeIndex":23,"enqueueingNodeAnnotation":"Player","enqueueingNodeIndex":147}
{"msg":"enqueueNode","enqueuedNodeAnnotation":"CopyFiles Build/My project_Data/Managed/UnityEngine.ARModule.dll","enqueuedNodeIndex":24,"enqueueingNodeAnnotation":"Player","enqueueingNodeIndex":147}
{"msg":"enqueueNode","enqueuedNodeAnnotation":"CopyFiles Build/My project_Data/Managed/UnityEngine.AccessibilityModule.dll","enqueuedNodeIndex":25,"enqueueingNodeAnnotation":"Player","enqueueingNodeIndex":147}
{"msg":"enqueueNode","enqueuedNodeAnnotation":"CopyFiles Build/My project_Data/Managed/UnityEngine.AndroidJNIModule.dll","enqueuedNodeIndex":26,"enqueueingNodeAnnotation":"Player","enqueueingNodeIndex":147}
{"msg":"enqueueNode","enqueuedNodeAnnotation":"CopyFiles Build/My project_Data/Managed/UnityEngine.AnimationModule.dll","enqueuedNodeIndex":27,"enqueueingNodeAnnotation":"Player","enqueueingNodeIndex":147}
{"msg":"enqueueNode","enqueuedNodeAnnotation":"CopyFiles Build/My project_Data/Managed/UnityEngine.AssetBundleModule.dll","enqueuedNodeIndex":28,"enqueueingNodeAnnotation":"Player","enqueueingNodeIndex":147}
{"msg":"enqueueNode","enqueuedNodeAnnotation":"CopyFiles Build/My project_Data/Managed/UnityEngine.AudioModule.dll","enqueuedNodeIndex":29,"enqueueingNodeAnnotation":"Player","enqueueingNodeIndex":147}
{"msg":"enqueueNode","enqueuedNodeAnnotation":"CopyFiles Build/My project_Data/Managed/UnityEngine.ClothModule.dll","enqueuedNodeIndex":30,"enqueueingNodeAnnotation":"Player","enqueueingNodeIndex":147}
{"msg":"enqueueNode","enqueuedNodeAnnotation":"CopyFiles Build/My project_Data/Managed/UnityEngine.ClusterInputModule.dll","enqueuedNodeIndex":31,"enqueueingNodeAnnotation":"Player","enqueueingNodeIndex":147}
{"msg":"enqueueNode","enqueuedNodeAnnotation":"CopyFiles Build/My project_Data/Managed/UnityEngine.ClusterRendererModule.dll","enqueuedNodeIndex":32,"enqueueingNodeAnnotation":"Player","enqueueingNodeIndex":147}
{"msg":"enqueueNode","enqueuedNodeAnnotation":"CopyFiles Build/My project_Data/Managed/UnityEngine.ContentLoadModule.dll","enqueuedNodeIndex":33,"enqueueingNodeAnnotation":"Player","enqueueingNodeIndex":147}
{"msg":"enqueueNode","enqueuedNodeAnnotation":"CopyFiles Build/My project_Data/Managed/UnityEngine.CoreModule.dll","enqueuedNodeIndex":34,"enqueueingNodeAnnotation":"Player","enqueueingNodeIndex":147}
{"msg":"enqueueNode","enqueuedNodeAnnotation":"CopyFiles Build/My project_Data/Managed/UnityEngine.CrashReportingModule.dll","enqueuedNodeIndex":35,"enqueueingNodeAnnotation":"Player","enqueueingNodeIndex":147}
{"msg":"enqueueNode","enqueuedNodeAnnotation":"CopyFiles Build/My project_Data/Managed/UnityEngine.DSPGraphModule.dll","enqueuedNodeIndex":36,"enqueueingNodeAnnotation":"Player","enqueueingNodeIndex":147}
{"msg":"enqueueNode","enqueuedNodeAnnotation":"CopyFiles Build/My project_Data/Managed/UnityEngine.DirectorModule.dll","enqueuedNodeIndex":37,"enqueueingNodeAnnotation":"Player","enqueueingNodeIndex":147}
{"msg":"enqueueNode","enqueuedNodeAnnotation":"CopyFiles Build/My project_Data/Managed/UnityEngine.GIModule.dll","enqueuedNodeIndex":38,"enqueueingNodeAnnotation":"Player","enqueueingNodeIndex":147}
{"msg":"enqueueNode","enqueuedNodeAnnotation":"CopyFiles Build/My project_Data/Managed/UnityEngine.GameCenterModule.dll","enqueuedNodeIndex":39,"enqueueingNodeAnnotation":"Player","enqueueingNodeIndex":147}
{"msg":"enqueueNode","enqueuedNodeAnnotation":"CopyFiles Build/My project_Data/Managed/UnityEngine.GridModule.dll","enqueuedNodeIndex":40,"enqueueingNodeAnnotation":"Player","enqueueingNodeIndex":147}
{"msg":"enqueueNode","enqueuedNodeAnnotation":"CopyFiles Build/My project_Data/Managed/UnityEngine.HotReloadModule.dll","enqueuedNodeIndex":41,"enqueueingNodeAnnotation":"Player","enqueueingNodeIndex":147}
{"msg":"enqueueNode","enqueuedNodeAnnotation":"CopyFiles Build/My project_Data/Managed/UnityEngine.IMGUIModule.dll","enqueuedNodeIndex":42,"enqueueingNodeAnnotation":"Player","enqueueingNodeIndex":147}
{"msg":"enqueueNode","enqueuedNodeAnnotation":"CopyFiles Build/My project_Data/Managed/UnityEngine.ImageConversionModule.dll","enqueuedNodeIndex":43,"enqueueingNodeAnnotation":"Player","enqueueingNodeIndex":147}
{"msg":"enqueueNode","enqueuedNodeAnnotation":"CopyFiles Build/My project_Data/Managed/UnityEngine.InputLegacyModule.dll","enqueuedNodeIndex":44,"enqueueingNodeAnnotation":"Player","enqueueingNodeIndex":147}
{"msg":"enqueueNode","enqueuedNodeAnnotation":"CopyFiles Build/My project_Data/Managed/UnityEngine.InputModule.dll","enqueuedNodeIndex":45,"enqueueingNodeAnnotation":"Player","enqueueingNodeIndex":147}
{"msg":"enqueueNode","enqueuedNodeAnnotation":"CopyFiles Build/My project_Data/Managed/UnityEngine.JSONSerializeModule.dll","enqueuedNodeIndex":46,"enqueueingNodeAnnotation":"Player","enqueueingNodeIndex":147}
{"msg":"enqueueNode","enqueuedNodeAnnotation":"CopyFiles Build/My project_Data/Managed/UnityEngine.LocalizationModule.dll","enqueuedNodeIndex":47,"enqueueingNodeAnnotation":"Player","enqueueingNodeIndex":147}
{"msg":"enqueueNode","enqueuedNodeAnnotation":"CopyFiles Build/My project_Data/Managed/UnityEngine.NVIDIAModule.dll","enqueuedNodeIndex":48,"enqueueingNodeAnnotation":"Player","enqueueingNodeIndex":147}
{"msg":"enqueueNode","enqueuedNodeAnnotation":"CopyFiles Build/My project_Data/Managed/UnityEngine.ParticleSystemModule.dll","enqueuedNodeIndex":49,"enqueueingNodeAnnotation":"Player","enqueueingNodeIndex":147}
{"msg":"enqueueNode","enqueuedNodeAnnotation":"CopyFiles Build/My project_Data/Managed/UnityEngine.PerformanceReportingModule.dll","enqueuedNodeIndex":50,"enqueueingNodeAnnotation":"Player","enqueueingNodeIndex":147}
{"msg":"enqueueNode","enqueuedNodeAnnotation":"CopyFiles Build/My project_Data/Managed/UnityEngine.Physics2DModule.dll","enqueuedNodeIndex":51,"enqueueingNodeAnnotation":"Player","enqueueingNodeIndex":147}
{"msg":"enqueueNode","enqueuedNodeAnnotation":"CopyFiles Build/My project_Data/Managed/UnityEngine.PhysicsModule.dll","enqueuedNodeIndex":52,"enqueueingNodeAnnotation":"Player","enqueueingNodeIndex":147}
{"msg":"enqueueNode","enqueuedNodeAnnotation":"CopyFiles Build/My project_Data/Managed/UnityEngine.ProfilerModule.dll","enqueuedNodeIndex":53,"enqueueingNodeAnnotation":"Player","enqueueingNodeIndex":147}
{"msg":"enqueueNode","enqueuedNodeAnnotation":"CopyFiles Build/My project_Data/Managed/UnityEngine.PropertiesModule.dll","enqueuedNodeIndex":54,"enqueueingNodeAnnotation":"Player","enqueueingNodeIndex":147}
{"msg":"enqueueNode","enqueuedNodeAnnotation":"CopyFiles Build/My project_Data/Managed/UnityEngine.RuntimeInitializeOnLoadManagerInitializerModule.dll","enqueuedNodeIndex":55,"enqueueingNodeAnnotation":"Player","enqueueingNodeIndex":147}
{"msg":"enqueueNode","enqueuedNodeAnnotation":"CopyFiles Build/My project_Data/Managed/UnityEngine.ScreenCaptureModule.dll","enqueuedNodeIndex":56,"enqueueingNodeAnnotation":"Player","enqueueingNodeIndex":147}
{"msg":"enqueueNode","enqueuedNodeAnnotation":"CopyFiles Build/My project_Data/Managed/UnityEngine.SharedInternalsModule.dll","enqueuedNodeIndex":57,"enqueueingNodeAnnotation":"Player","enqueueingNodeIndex":147}
{"msg":"enqueueNode","enqueuedNodeAnnotation":"CopyFiles Build/My project_Data/Managed/UnityEngine.SpriteMaskModule.dll","enqueuedNodeIndex":58,"enqueueingNodeAnnotation":"Player","enqueueingNodeIndex":147}
{"msg":"enqueueNode","enqueuedNodeAnnotation":"CopyFiles Build/My project_Data/Managed/UnityEngine.SpriteShapeModule.dll","enqueuedNodeIndex":59,"enqueueingNodeAnnotation":"Player","enqueueingNodeIndex":147}
{"msg":"enqueueNode","enqueuedNodeAnnotation":"CopyFiles Build/My project_Data/Managed/UnityEngine.StreamingModule.dll","enqueuedNodeIndex":60,"enqueueingNodeAnnotation":"Player","enqueueingNodeIndex":147}
{"msg":"enqueueNode","enqueuedNodeAnnotation":"CopyFiles Build/My project_Data/Managed/UnityEngine.SubstanceModule.dll","enqueuedNodeIndex":61,"enqueueingNodeAnnotation":"Player","enqueueingNodeIndex":147}
{"msg":"enqueueNode","enqueuedNodeAnnotation":"CopyFiles Build/My project_Data/Managed/UnityEngine.SubsystemsModule.dll","enqueuedNodeIndex":62,"enqueueingNodeAnnotation":"Player","enqueueingNodeIndex":147}
{"msg":"enqueueNode","enqueuedNodeAnnotation":"CopyFiles Build/My project_Data/Managed/UnityEngine.TLSModule.dll","enqueuedNodeIndex":63,"enqueueingNodeAnnotation":"Player","enqueueingNodeIndex":147}
{"msg":"enqueueNode","enqueuedNodeAnnotation":"CopyFiles Build/My project_Data/Managed/UnityEngine.TerrainModule.dll","enqueuedNodeIndex":64,"enqueueingNodeAnnotation":"Player","enqueueingNodeIndex":147}
{"msg":"enqueueNode","enqueuedNodeAnnotation":"CopyFiles Build/My project_Data/Managed/UnityEngine.TerrainPhysicsModule.dll","enqueuedNodeIndex":65,"enqueueingNodeAnnotation":"Player","enqueueingNodeIndex":147}
{"msg":"enqueueNode","enqueuedNodeAnnotation":"CopyFiles Build/My project_Data/Managed/UnityEngine.TextCoreFontEngineModule.dll","enqueuedNodeIndex":66,"enqueueingNodeAnnotation":"Player","enqueueingNodeIndex":147}
{"msg":"enqueueNode","enqueuedNodeAnnotation":"CopyFiles Build/My project_Data/Managed/UnityEngine.TextCoreTextEngineModule.dll","enqueuedNodeIndex":67,"enqueueingNodeAnnotation":"Player","enqueueingNodeIndex":147}
{"msg":"enqueueNode","enqueuedNodeAnnotation":"CopyFiles Build/My project_Data/Managed/UnityEngine.TextRenderingModule.dll","enqueuedNodeIndex":68,"enqueueingNodeAnnotation":"Player","enqueueingNodeIndex":147}
{"msg":"enqueueNode","enqueuedNodeAnnotation":"CopyFiles Build/My project_Data/Managed/UnityEngine.TilemapModule.dll","enqueuedNodeIndex":69,"enqueueingNodeAnnotation":"Player","enqueueingNodeIndex":147}
{"msg":"enqueueNode","enqueuedNodeAnnotation":"CopyFiles Build/My project_Data/Managed/UnityEngine.UIElementsModule.dll","enqueuedNodeIndex":70,"enqueueingNodeAnnotation":"Player","enqueueingNodeIndex":147}
{"msg":"enqueueNode","enqueuedNodeAnnotation":"CopyFiles Build/My project_Data/Managed/UnityEngine.UIModule.dll","enqueuedNodeIndex":71,"enqueueingNodeAnnotation":"Player","enqueueingNodeIndex":147}
{"msg":"enqueueNode","enqueuedNodeAnnotation":"CopyFiles Build/My project_Data/Managed/UnityEngine.UmbraModule.dll","enqueuedNodeIndex":72,"enqueueingNodeAnnotation":"Player","enqueueingNodeIndex":147}
{"msg":"enqueueNode","enqueuedNodeAnnotation":"CopyFiles Build/My project_Data/Managed/UnityEngine.UnityAnalyticsCommonModule.dll","enqueuedNodeIndex":73,"enqueueingNodeAnnotation":"Player","enqueueingNodeIndex":147}
{"msg":"enqueueNode","enqueuedNodeAnnotation":"CopyFiles Build/My project_Data/Managed/UnityEngine.UnityAnalyticsModule.dll","enqueuedNodeIndex":74,"enqueueingNodeAnnotation":"Player","enqueueingNodeIndex":147}
{"msg":"enqueueNode","enqueuedNodeAnnotation":"CopyFiles Build/My project_Data/Managed/UnityEngine.UnityConnectModule.dll","enqueuedNodeIndex":75,"enqueueingNodeAnnotation":"Player","enqueueingNodeIndex":147}
{"msg":"enqueueNode","enqueuedNodeAnnotation":"CopyFiles Build/My project_Data/Managed/UnityEngine.UnityCurlModule.dll","enqueuedNodeIndex":76,"enqueueingNodeAnnotation":"Player","enqueueingNodeIndex":147}
{"msg":"enqueueNode","enqueuedNodeAnnotation":"CopyFiles Build/My project_Data/Managed/UnityEngine.UnityTestProtocolModule.dll","enqueuedNodeIndex":77,"enqueueingNodeAnnotation":"Player","enqueueingNodeIndex":147}
{"msg":"enqueueNode","enqueuedNodeAnnotation":"CopyFiles Build/My project_Data/Managed/UnityEngine.UnityWebRequestAssetBundleModule.dll","enqueuedNodeIndex":78,"enqueueingNodeAnnotation":"Player","enqueueingNodeIndex":147}
{"msg":"enqueueNode","enqueuedNodeAnnotation":"CopyFiles Build/My project_Data/Managed/UnityEngine.UnityWebRequestAudioModule.dll","enqueuedNodeIndex":79,"enqueueingNodeAnnotation":"Player","enqueueingNodeIndex":147}
{"msg":"enqueueNode","enqueuedNodeAnnotation":"CopyFiles Build/My project_Data/Managed/UnityEngine.UnityWebRequestModule.dll","enqueuedNodeIndex":80,"enqueueingNodeAnnotation":"Player","enqueueingNodeIndex":147}
{"msg":"enqueueNode","enqueuedNodeAnnotation":"CopyFiles Build/My project_Data/Managed/UnityEngine.UnityWebRequestTextureModule.dll","enqueuedNodeIndex":81,"enqueueingNodeAnnotation":"Player","enqueueingNodeIndex":147}
{"msg":"enqueueNode","enqueuedNodeAnnotation":"CopyFiles Build/My project_Data/Managed/UnityEngine.UnityWebRequestWWWModule.dll","enqueuedNodeIndex":82,"enqueueingNodeAnnotation":"Player","enqueueingNodeIndex":147}
{"msg":"enqueueNode","enqueuedNodeAnnotation":"CopyFiles Build/My project_Data/Managed/UnityEngine.VFXModule.dll","enqueuedNodeIndex":83,"enqueueingNodeAnnotation":"Player","enqueueingNodeIndex":147}
{"msg":"enqueueNode","enqueuedNodeAnnotation":"CopyFiles Build/My project_Data/Managed/UnityEngine.VRModule.dll","enqueuedNodeIndex":84,"enqueueingNodeAnnotation":"Player","enqueueingNodeIndex":147}
{"msg":"enqueueNode","enqueuedNodeAnnotation":"CopyFiles Build/My project_Data/Managed/UnityEngine.VehiclesModule.dll","enqueuedNodeIndex":85,"enqueueingNodeAnnotation":"Player","enqueueingNodeIndex":147}
{"msg":"enqueueNode","enqueuedNodeAnnotation":"CopyFiles Build/My project_Data/Managed/UnityEngine.VideoModule.dll","enqueuedNodeIndex":86,"enqueueingNodeAnnotation":"Player","enqueueingNodeIndex":147}
{"msg":"enqueueNode","enqueuedNodeAnnotation":"CopyFiles Build/My project_Data/Managed/UnityEngine.VirtualTexturingModule.dll","enqueuedNodeIndex":87,"enqueueingNodeAnnotation":"Player","enqueueingNodeIndex":147}
{"msg":"enqueueNode","enqueuedNodeAnnotation":"CopyFiles Build/My project_Data/Managed/UnityEngine.WindModule.dll","enqueuedNodeIndex":88,"enqueueingNodeAnnotation":"Player","enqueueingNodeIndex":147}
{"msg":"enqueueNode","enqueuedNodeAnnotation":"CopyFiles Build/My project_Data/Managed/UnityEngine.XRModule.dll","enqueuedNodeIndex":89,"enqueueingNodeAnnotation":"Player","enqueueingNodeIndex":147}
{"msg":"enqueueNode","enqueuedNodeAnnotation":"CopyFiles Build/My project_Data/Managed/UnityEngine.dll","enqueuedNodeIndex":90,"enqueueingNodeAnnotation":"Player","enqueueingNodeIndex":147}
{"msg":"enqueueNode","enqueuedNodeAnnotation":"CopyFiles Build/My project_Data/Managed/Assembly-CSharp.dll","enqueuedNodeIndex":91,"enqueueingNodeAnnotation":"Player","enqueueingNodeIndex":147}
{"msg":"enqueueNode","enqueuedNodeAnnotation":"CopyFiles Build/My project_Data/Managed/Unity.Timeline.dll","enqueuedNodeIndex":92,"enqueueingNodeAnnotation":"Player","enqueueingNodeIndex":147}
{"msg":"enqueueNode","enqueuedNodeAnnotation":"CopyFiles Build/My project_Data/Managed/UnityEngine.UI.dll","enqueuedNodeIndex":93,"enqueueingNodeAnnotation":"Player","enqueueingNodeIndex":147}
{"msg":"enqueueNode","enqueuedNodeAnnotation":"CopyFiles Build/My project_Data/Managed/Unity.AI.Navigation.dll","enqueuedNodeIndex":94,"enqueueingNodeAnnotation":"Player","enqueueingNodeIndex":147}
{"msg":"enqueueNode","enqueuedNodeAnnotation":"CopyFiles Build/My project_Data/Managed/Unity.TextMeshPro.dll","enqueuedNodeIndex":95,"enqueueingNodeAnnotation":"Player","enqueueingNodeIndex":147}
{"msg":"enqueueNode","enqueuedNodeAnnotation":"CopyFiles Build/My project_Data/Managed/Unity.VisualScripting.Core.dll","enqueuedNodeIndex":96,"enqueueingNodeAnnotation":"Player","enqueueingNodeIndex":147}
{"msg":"enqueueNode","enqueuedNodeAnnotation":"CopyFiles Build/My project_Data/Managed/Unity.VisualScripting.State.dll","enqueuedNodeIndex":97,"enqueueingNodeAnnotation":"Player","enqueueingNodeIndex":147}
{"msg":"enqueueNode","enqueuedNodeAnnotation":"CopyFiles Build/My project_Data/Managed/Unity.VisualScripting.Flow.dll","enqueuedNodeIndex":98,"enqueueingNodeAnnotation":"Player","enqueueingNodeIndex":147}
{"msg":"enqueueNode","enqueuedNodeAnnotation":"CopyFiles Build/My project_Data/Managed/Unity.VisualScripting.Antlr3.Runtime.dll","enqueuedNodeIndex":99,"enqueueingNodeAnnotation":"Player","enqueueingNodeIndex":147}
{"msg":"enqueueNode","enqueuedNodeAnnotation":"CopyFiles Build/My project_Data/Managed/netstandard.dll","enqueuedNodeIndex":100,"enqueueingNodeAnnotation":"Player","enqueueingNodeIndex":147}
{"msg":"enqueueNode","enqueuedNodeAnnotation":"CopyFiles Build/My project_Data/Managed/Mono.Security.dll","enqueuedNodeIndex":101,"enqueueingNodeAnnotation":"Player","enqueueingNodeIndex":147}
{"msg":"enqueueNode","enqueuedNodeAnnotation":"CopyFiles Build/My project_Data/Managed/System.ComponentModel.Composition.dll","enqueuedNodeIndex":102,"enqueueingNodeAnnotation":"Player","enqueueingNodeIndex":147}
{"msg":"enqueueNode","enqueuedNodeAnnotation":"CopyFiles Build/My project_Data/Managed/System.Configuration.dll","enqueuedNodeIndex":103,"enqueueingNodeAnnotation":"Player","enqueueingNodeIndex":147}
{"msg":"enqueueNode","enqueuedNodeAnnotation":"CopyFiles Build/My project_Data/Managed/System.Core.dll","enqueuedNodeIndex":104,"enqueueingNodeAnnotation":"Player","enqueueingNodeIndex":147}
{"msg":"enqueueNode","enqueuedNodeAnnotation":"CopyFiles Build/My project_Data/Managed/System.Data.DataSetExtensions.dll","enqueuedNodeIndex":105,"enqueueingNodeAnnotation":"Player","enqueueingNodeIndex":147}
{"msg":"enqueueNode","enqueuedNodeAnnotation":"CopyFiles Build/My project_Data/Managed/System.Data.dll","enqueuedNodeIndex":106,"enqueueingNodeAnnotation":"Player","enqueueingNodeIndex":147}
{"msg":"enqueueNode","enqueuedNodeAnnotation":"CopyFiles Build/My project_Data/Managed/System.Drawing.dll","enqueuedNodeIndex":107,"enqueueingNodeAnnotation":"Player","enqueueingNodeIndex":147}
{"msg":"enqueueNode","enqueuedNodeAnnotation":"CopyFiles Build/My project_Data/Managed/System.EnterpriseServices.dll","enqueuedNodeIndex":108,"enqueueingNodeAnnotation":"Player","enqueueingNodeIndex":147}
{"msg":"enqueueNode","enqueuedNodeAnnotation":"CopyFiles Build/My project_Data/Managed/System.IO.Compression.FileSystem.dll","enqueuedNodeIndex":109,"enqueueingNodeAnnotation":"Player","enqueueingNodeIndex":147}
{"msg":"enqueueNode","enqueuedNodeAnnotation":"CopyFiles Build/My project_Data/Managed/System.IO.Compression.dll","enqueuedNodeIndex":110,"enqueueingNodeAnnotation":"Player","enqueueingNodeIndex":147}
{"msg":"enqueueNode","enqueuedNodeAnnotation":"CopyFiles Build/My project_Data/Managed/System.Net.Http.dll","enqueuedNodeIndex":111,"enqueueingNodeAnnotation":"Player","enqueueingNodeIndex":147}
{"msg":"enqueueNode","enqueuedNodeAnnotation":"CopyFiles Build/My project_Data/Managed/System.Numerics.dll","enqueuedNodeIndex":112,"enqueueingNodeAnnotation":"Player","enqueueingNodeIndex":147}
{"msg":"enqueueNode","enqueuedNodeAnnotation":"CopyFiles Build/My project_Data/Managed/System.Runtime.Serialization.dll","enqueuedNodeIndex":113,"enqueueingNodeAnnotation":"Player","enqueueingNodeIndex":147}
{"msg":"enqueueNode","enqueuedNodeAnnotation":"CopyFiles Build/My project_Data/Managed/System.Security.dll","enqueuedNodeIndex":114,"enqueueingNodeAnnotation":"Player","enqueueingNodeIndex":147}
{"msg":"enqueueNode","enqueuedNodeAnnotation":"CopyFiles Build/My project_Data/Managed/System.ServiceModel.Internals.dll","enqueuedNodeIndex":115,"enqueueingNodeAnnotation":"Player","enqueueingNodeIndex":147}
{"msg":"enqueueNode","enqueuedNodeAnnotation":"CopyFiles Build/My project_Data/Managed/System.Transactions.dll","enqueuedNodeIndex":116,"enqueueingNodeAnnotation":"Player","enqueueingNodeIndex":147}
{"msg":"enqueueNode","enqueuedNodeAnnotation":"CopyFiles Build/My project_Data/Managed/System.Xml.Linq.dll","enqueuedNodeIndex":117,"enqueueingNodeAnnotation":"Player","enqueueingNodeIndex":147}
{"msg":"enqueueNode","enqueuedNodeAnnotation":"CopyFiles Build/My project_Data/Managed/System.Xml.dll","enqueuedNodeIndex":118,"enqueueingNodeAnnotation":"Player","enqueueingNodeIndex":147}
{"msg":"enqueueNode","enqueuedNodeAnnotation":"CopyFiles Build/My project_Data/Managed/System.dll","enqueuedNodeIndex":119,"enqueueingNodeAnnotation":"Player","enqueueingNodeIndex":147}
{"msg":"enqueueNode","enqueuedNodeAnnotation":"CopyFiles Build/My project_Data/Managed/mscorlib.dll","enqueuedNodeIndex":120,"enqueueingNodeAnnotation":"Player","enqueueingNodeIndex":147}
{"msg":"enqueueNode","enqueuedNodeAnnotation":"CopyFiles Build/My project_Data/app.info","enqueuedNodeIndex":122,"enqueueingNodeAnnotation":"Player","enqueueingNodeIndex":147}
{"msg":"enqueueNode","enqueuedNodeAnnotation":"WriteText Library/Bee/artifacts/WinPlayerBuildProgram/Data/app.info","enqueuedNodeIndex":121,"enqueueingNodeAnnotation":"CopyFiles Build/My project_Data/app.info","enqueueingNodeIndex":122}
{"msg":"enqueueNode","enqueuedNodeAnnotation":"CopyFiles Build/My project_Data/Resources/unity default resources","enqueuedNodeIndex":123,"enqueueingNodeAnnotation":"Player","enqueueingNodeIndex":147}
{"msg":"enqueueNode","enqueuedNodeAnnotation":"CopyFiles Build/My project.exe","enqueuedNodeIndex":124,"enqueueingNodeAnnotation":"Player","enqueueingNodeIndex":147}
{"msg":"enqueueNode","enqueuedNodeAnnotation":"CopyFiles Build/MonoBleedingEdge/EmbedRuntime/mono-2.0-bdwgc.dll","enqueuedNodeIndex":125,"enqueueingNodeAnnotation":"Player","enqueueingNodeIndex":147}
{"msg":"enqueueNode","enqueuedNodeAnnotation":"CopyFiles Build/MonoBleedingEdge/EmbedRuntime/MonoPosixHelper.dll","enqueuedNodeIndex":126,"enqueueingNodeAnnotation":"Player","enqueueingNodeIndex":147}
{"msg":"enqueueNode","enqueuedNodeAnnotation":"CopyFiles Build/MonoBleedingEdge/etc/mono/2.0/Browsers/Compat.browser","enqueuedNodeIndex":127,"enqueueingNodeAnnotation":"Player","enqueueingNodeIndex":147}
{"msg":"enqueueNode","enqueuedNodeAnnotation":"CopyFiles Build/MonoBleedingEdge/etc/mono/2.0/DefaultWsdlHelpGenerator.aspx","enqueuedNodeIndex":128,"enqueueingNodeAnnotation":"Player","enqueueingNodeIndex":147}
{"msg":"enqueueNode","enqueuedNodeAnnotation":"CopyFiles Build/MonoBleedingEdge/etc/mono/2.0/machine.config","enqueuedNodeIndex":129,"enqueueingNodeAnnotation":"Player","enqueueingNodeIndex":147}
{"msg":"enqueueNode","enqueuedNodeAnnotation":"CopyFiles Build/MonoBleedingEdge/etc/mono/2.0/settings.map","enqueuedNodeIndex":130,"enqueueingNodeAnnotation":"Player","enqueueingNodeIndex":147}
{"msg":"enqueueNode","enqueuedNodeAnnotation":"CopyFiles Build/MonoBleedingEdge/etc/mono/2.0/web.config","enqueuedNodeIndex":131,"enqueueingNodeAnnotation":"Player","enqueueingNodeIndex":147}
{"msg":"enqueueNode","enqueuedNodeAnnotation":"CopyFiles Build/MonoBleedingEdge/etc/mono/4.0/Browsers/Compat.browser","enqueuedNodeIndex":132,"enqueueingNodeAnnotation":"Player","enqueueingNodeIndex":147}
{"msg":"enqueueNode","enqueuedNodeAnnotation":"CopyFiles Build/MonoBleedingEdge/etc/mono/4.0/DefaultWsdlHelpGenerator.aspx","enqueuedNodeIndex":133,"enqueueingNodeAnnotation":"Player","enqueueingNodeIndex":147}
{"msg":"enqueueNode","enqueuedNodeAnnotation":"CopyFiles Build/MonoBleedingEdge/etc/mono/4.0/machine.config","enqueuedNodeIndex":134,"enqueueingNodeAnnotation":"Player","enqueueingNodeIndex":147}
{"msg":"enqueueNode","enqueuedNodeAnnotation":"CopyFiles Build/MonoBleedingEdge/etc/mono/4.0/settings.map","enqueuedNodeIndex":135,"enqueueingNodeAnnotation":"Player","enqueueingNodeIndex":147}
{"msg":"enqueueNode","enqueuedNodeAnnotation":"CopyFiles Build/MonoBleedingEdge/etc/mono/4.0/web.config","enqueuedNodeIndex":136,"enqueueingNodeAnnotation":"Player","enqueueingNodeIndex":147}
{"msg":"enqueueNode","enqueuedNodeAnnotation":"CopyFiles Build/MonoBleedingEdge/etc/mono/4.5/Browsers/Compat.browser","enqueuedNodeIndex":137,"enqueueingNodeAnnotation":"Player","enqueueingNodeIndex":147}
{"msg":"enqueueNode","enqueuedNodeAnnotation":"CopyFiles Build/MonoBleedingEdge/etc/mono/4.5/DefaultWsdlHelpGenerator.aspx","enqueuedNodeIndex":138,"enqueueingNodeAnnotation":"Player","enqueueingNodeIndex":147}
{"msg":"enqueueNode","enqueuedNodeAnnotation":"CopyFiles Build/MonoBleedingEdge/etc/mono/4.5/machine.config","enqueuedNodeIndex":139,"enqueueingNodeAnnotation":"Player","enqueueingNodeIndex":147}
{"msg":"enqueueNode","enqueuedNodeAnnotation":"CopyFiles Build/MonoBleedingEdge/etc/mono/4.5/settings.map","enqueuedNodeIndex":140,"enqueueingNodeAnnotation":"Player","enqueueingNodeIndex":147}
{"msg":"enqueueNode","enqueuedNodeAnnotation":"CopyFiles Build/MonoBleedingEdge/etc/mono/4.5/web.config","enqueuedNodeIndex":141,"enqueueingNodeAnnotation":"Player","enqueueingNodeIndex":147}
{"msg":"enqueueNode","enqueuedNodeAnnotation":"CopyFiles Build/MonoBleedingEdge/etc/mono/browscap.ini","enqueuedNodeIndex":142,"enqueueingNodeAnnotation":"Player","enqueueingNodeIndex":147}
{"msg":"enqueueNode","enqueuedNodeAnnotation":"CopyFiles Build/MonoBleedingEdge/etc/mono/config","enqueuedNodeIndex":143,"enqueueingNodeAnnotation":"Player","enqueueingNodeIndex":147}
{"msg":"enqueueNode","enqueuedNodeAnnotation":"CopyFiles Build/MonoBleedingEdge/etc/mono/mconfig/config.xml","enqueuedNodeIndex":144,"enqueueingNodeAnnotation":"Player","enqueueingNodeIndex":147}
{"msg":"enqueueNode","enqueuedNodeAnnotation":"CopyFiles Build/UnityCrashHandler64.exe","enqueuedNodeIndex":145,"enqueueingNodeAnnotation":"Player","enqueueingNodeIndex":147}
{"msg":"enqueueNode","enqueuedNodeAnnotation":"CopyFiles Build/UnityPlayer.dll","enqueuedNodeIndex":146,"enqueueingNodeAnnotation":"Player","enqueueingNodeIndex":147}
{"msg":"inputSignatureChanged","annotation":"WriteText Library/Bee/artifacts/csharpactions/boot.config_tyr4.info","index":20,"changes":[{"key":"WriteFilePayload","value":"{\"System.Object\":null,\"Bee.TundraBackend.CSharpActionInvocationInformation\":{\"typeFullName\":\"PlayerBuildProgramLibrary.PlayerBuildProgramBase\",\"methodName\":\"WriteBootConfigAction\",\"assemblyLocation\":\"C:\\\\Program Files\\\\Unity\\\\Hub\\\\Editor\\\\2022.3.27f1\\\\Editor\\\\Data\\\\Tools\\\\BuildPipeline\\\\PlayerBuildProgramLibrary.dll\",\"targets\":[\"Library/Bee/artifacts/WinPlayerBuildProgram/boot.config\"],\"inputs\":[\"Library/PlayerDataCache/Win64/Data/boot.config\",\"Library/PlayerDataCache/Win64/Data/boot.config\",\"Library/PlayerDataCache/Win64/Data/globalgamemanagers\",\"Library/PlayerDataCache/Win64/Data/globalgamemanagers.assets\",\"Library/PlayerDataCache/Win64/Data/globalgamemanagers.assets.resS\",\"Library/PlayerDataCache/Win64/Data/level0\",\"Library/PlayerDataCache/Win64/Data/level0.resS\",\"Library/PlayerDataCache/Win64/Data/level1\",\"Library/PlayerDataCache/Win64/Data/level1.resS\",\"Library/PlayerDataCache/Win64/Data/level2\",\"Library/PlayerDataCache/Win64/Data/level2.resS\",\"Library/PlayerDataCache/Win64/Data/resources.assets\",\"Library/PlayerDataCache/Win64/Data/resources.assets.resS\",\"Library/PlayerDataCache/Win64/Data/Resources/unity_builtin_extra\",\"Library/PlayerDataCache/Win64/Data/RuntimeInitializeOnLoads.json\",\"Library/PlayerDataCache/Win64/Data/ScriptingAssemblies.json\",\"Library/PlayerDataCache/Win64/Data/sharedassets0.assets\",\"Library/PlayerDataCache/Win64/Data/sharedassets0.assets.resS\",\"Library/PlayerDataCache/Win64/Data/sharedassets1.assets\",\"Library/PlayerDataCache/Win64/Data/sharedassets1.assets.resS\",\"Library/PlayerDataCache/Win64/Data/sharedassets2.assets\",\"C:/Program Files/Unity/Hub/Editor/2022.3.27f1/Editor/Data/PlaybackEngines/WindowsStandaloneSupport/Variations/mono/Managed/UnityEngine.AIModule.dll\",\"C:/Program Files/Unity/Hub/Editor/2022.3.27f1/Editor/Data/PlaybackEngines/WindowsStandaloneSupport/Variations/mono/Managed/UnityEngine.ARModule.dll\",\"C:/Program Files/Unity/Hub/Editor/2022.3.27f1/Editor/Data/PlaybackEngines/WindowsStandaloneSupport/Variations/mono/Managed/UnityEngine.AccessibilityModule.dll\",\"C:/Program Files/Unity/Hub/Editor/2022.3.27f1/Editor/Data/PlaybackEngines/WindowsStandaloneSupport/Variations/mono/Managed/UnityEngine.AndroidJNIModule.dll\",\"C:/Program Files/Unity/Hub/Editor/2022.3.27f1/Editor/Data/PlaybackEngines/WindowsStandaloneSupport/Variations/mono/Managed/UnityEngine.AnimationModule.dll\",\"C:/Program Files/Unity/Hub/Editor/2022.3.27f1/Editor/Data/PlaybackEngines/WindowsStandaloneSupport/Variations/mono/Managed/UnityEngine.AssetBundleModule.dll\",\"C:/Program Files/Unity/Hub/Editor/2022.3.27f1/Editor/Data/PlaybackEngines/WindowsStandaloneSupport/Variations/mono/Managed/UnityEngine.AudioModule.dll\",\"C:/Program Files/Unity/Hub/Editor/2022.3.27f1/Editor/Data/PlaybackEngines/WindowsStandaloneSupport/Variations/mono/Managed/UnityEngine.ClothModule.dll\",\"C:/Program Files/Unity/Hub/Editor/2022.3.27f1/Editor/Data/PlaybackEngines/WindowsStandaloneSupport/Variations/mono/Managed/UnityEngine.ClusterInputModule.dll\",\"C:/Program Files/Unity/Hub/Editor/2022.3.27f1/Editor/Data/PlaybackEngines/WindowsStandaloneSupport/Variations/mono/Managed/UnityEngine.ClusterRendererModule.dll\",\"C:/Program Files/Unity/Hub/Editor/2022.3.27f1/Editor/Data/PlaybackEngines/WindowsStandaloneSupport/Variations/mono/Managed/UnityEngine.ContentLoadModule.dll\",\"C:/Program Files/Unity/Hub/Editor/2022.3.27f1/Editor/Data/PlaybackEngines/WindowsStandaloneSupport/Variations/mono/Managed/UnityEngine.CoreModule.dll\",\"C:/Program Files/Unity/Hub/Editor/2022.3.27f1/Editor/Data/PlaybackEngines/WindowsStandaloneSupport/Variations/mono/Managed/UnityEngine.CrashReportingModule.dll\",\"C:/Program Files/Unity/Hub/Editor/2022.3.27f1/Editor/Data/PlaybackEngines/WindowsStandaloneSupport/Variations/mono/Managed/UnityEngine.DSPGraphModule.dll\",\"C:/Program Files/Unity/Hub/Editor/2022.3.27f1/Editor/Data/PlaybackEngines/WindowsStandaloneSupport/Variations/mono/Managed/UnityEngine.DirectorModule.dll\",\"C:/Program Files/Unity/Hub/Editor/2022.3.27f1/Editor/Data/PlaybackEngines/WindowsStandaloneSupport/Variations/mono/Managed/UnityEngine.GIModule.dll\",\"C:/Program Files/Unity/Hub/Editor/2022.3.27f1/Editor/Data/PlaybackEngines/WindowsStandaloneSupport/Variations/mono/Managed/UnityEngine.GameCenterModule.dll\",\"C:/Program Files/Unity/Hub/Editor/2022.3.27f1/Editor/Data/PlaybackEngines/WindowsStandaloneSupport/Variations/mono/Managed/UnityEngine.GridModule.dll\",\"C:/Program Files/Unity/Hub/Editor/2022.3.27f1/Editor/Data/PlaybackEngines/WindowsStandaloneSupport/Variations/mono/Managed/UnityEngine.HotReloadModule.dll\",\"C:/Program Files/Unity/Hub/Editor/2022.3.27f1/Editor/Data/PlaybackEngines/WindowsStandaloneSupport/Variations/mono/Managed/UnityEngine.IMGUIModule.dll\",\"C:/Program Files/Unity/Hub/Editor/2022.3.27f1/Editor/Data/PlaybackEngines/WindowsStandaloneSupport/Variations/mono/Managed/UnityEngine.ImageConversionModule.dll\",\"C:/Program Files/Unity/Hub/Editor/2022.3.27f1/Editor/Data/PlaybackEngines/WindowsStandaloneSupport/Variations/mono/Managed/UnityEngine.InputLegacyModule.dll\",\"C:/Program Files/Unity/Hub/Editor/2022.3.27f1/Editor/Data/PlaybackEngines/WindowsStandaloneSupport/Variations/mono/Managed/UnityEngine.InputModule.dll\",\"C:/Program Files/Unity/Hub/Editor/2022.3.27f1/Editor/Data/PlaybackEngines/WindowsStandaloneSupport/Variations/mono/Managed/UnityEngine.JSONSerializeModule.dll\",\"C:/Program Files/Unity/Hub/Editor/2022.3.27f1/Editor/Data/PlaybackEngines/WindowsStandaloneSupport/Variations/mono/Managed/UnityEngine.LocalizationModule.dll\",\"C:/Program Files/Unity/Hub/Editor/2022.3.27f1/Editor/Data/PlaybackEngines/WindowsStandaloneSupport/Variations/mono/Managed/UnityEngine.NVIDIAModule.dll\",\"C:/Program Files/Unity/Hub/Editor/2022.3.27f1/Editor/Data/PlaybackEngines/WindowsStandaloneSupport/Variations/mono/Managed/UnityEngine.ParticleSystemModule.dll\",\"C:/Program Files/Unity/Hub/Editor/2022.3.27f1/Editor/Data/PlaybackEngines/WindowsStandaloneSupport/Variations/mono/Managed/UnityEngine.PerformanceReportingModule.dll\",\"C:/Program Files/Unity/Hub/Editor/2022.3.27f1/Editor/Data/PlaybackEngines/WindowsStandaloneSupport/Variations/mono/Managed/UnityEngine.Physics2DModule.dll\",\"C:/Program Files/Unity/Hub/Editor/2022.3.27f1/Editor/Data/PlaybackEngines/WindowsStandaloneSupport/Variations/mono/Managed/UnityEngine.PhysicsModule.dll\",\"C:/Program Files/Unity/Hub/Editor/2022.3.27f1/Editor/Data/PlaybackEngines/WindowsStandaloneSupport/Variations/mono/Managed/UnityEngine.ProfilerModule.dll\",\"C:/Program Files/Unity/Hub/Editor/2022.3.27f1/Editor/Data/PlaybackEngines/WindowsStandaloneSupport/Variations/mono/Managed/UnityEngine.PropertiesModule.dll\",\"C:/Program Files/Unity/Hub/Editor/2022.3.27f1/Editor/Data/PlaybackEngines/WindowsStandaloneSupport/Variations/mono/Managed/UnityEngine.RuntimeInitializeOnLoadManagerInitializerModule.dll\",\"C:/Program Files/Unity/Hub/Editor/2022.3.27f1/Editor/Data/PlaybackEngines/WindowsStandaloneSupport/Variations/mono/Managed/UnityEngine.ScreenCaptureModule.dll\",\"C:/Program Files/Unity/Hub/Editor/2022.3.27f1/Editor/Data/PlaybackEngines/WindowsStandaloneSupport/Variations/mono/Managed/UnityEngine.SharedInternalsModule.dll\",\"C:/Program Files/Unity/Hub/Editor/2022.3.27f1/Editor/Data/PlaybackEngines/WindowsStandaloneSupport/Variations/mono/Managed/UnityEngine.SpriteMaskModule.dll\",\"C:/Program Files/Unity/Hub/Editor/2022.3.27f1/Editor/Data/PlaybackEngines/WindowsStandaloneSupport/Variations/mono/Managed/UnityEngine.SpriteShapeModule.dll\",\"C:/Program Files/Unity/Hub/Editor/2022.3.27f1/Editor/Data/PlaybackEngines/WindowsStandaloneSupport/Variations/mono/Managed/UnityEngine.StreamingModule.dll\",\"C:/Program Files/Unity/Hub/Editor/2022.3.27f1/Editor/Data/PlaybackEngines/WindowsStandaloneSupport/Variations/mono/Managed/UnityEngine.SubstanceModule.dll\",\"C:/Program Files/Unity/Hub/Editor/2022.3.27f1/Editor/Data/PlaybackEngines/WindowsStandaloneSupport/Variations/mono/Managed/UnityEngine.SubsystemsModule.dll\",\"C:/Program Files/Unity/Hub/Editor/2022.3.27f1/Editor/Data/PlaybackEngines/WindowsStandaloneSupport/Variations/mono/Managed/UnityEngine.TLSModule.dll\",\"C:/Program Files/Unity/Hub/Editor/2022.3.27f1/Editor/Data/PlaybackEngines/WindowsStandaloneSupport/Variations/mono/Managed/UnityEngine.TerrainModule.dll\",\"C:/Program Files/Unity/Hub/Editor/2022.3.27f1/Editor/Data/PlaybackEngines/WindowsStandaloneSupport/Variations/mono/Managed/UnityEngine.TerrainPhysicsModule.dll\",\"C:/Program Files/Unity/Hub/Editor/2022.3.27f1/Editor/Data/PlaybackEngines/WindowsStandaloneSupport/Variations/mono/Managed/UnityEngine.TextCoreFontEngineModule.dll\",\"C:/Program Files/Unity/Hub/Editor/2022.3.27f1/Editor/Data/PlaybackEngines/WindowsStandaloneSupport/Variations/mono/Managed/UnityEngine.TextCoreTextEngineModule.dll\",\"C:/Program Files/Unity/Hub/Editor/2022.3.27f1/Editor/Data/PlaybackEngines/WindowsStandaloneSupport/Variations/mono/Managed/UnityEngine.TextRenderingModule.dll\",\"C:/Program Files/Unity/Hub/Editor/2022.3.27f1/Editor/Data/PlaybackEngines/WindowsStandaloneSupport/Variations/mono/Managed/UnityEngine.TilemapModule.dll\",\"C:/Program Files/Unity/Hub/Editor/2022.3.27f1/Editor/Data/PlaybackEngines/WindowsStandaloneSupport/Variations/mono/Managed/UnityEngine.UIElementsModule.dll\",\"C:/Program Files/Unity/Hub/Editor/2022.3.27f1/Editor/Data/PlaybackEngines/WindowsStandaloneSupport/Variations/mono/Managed/UnityEngine.UIModule.dll\",\"C:/Program Files/Unity/Hub/Editor/2022.3.27f1/Editor/Data/PlaybackEngines/WindowsStandaloneSupport/Variations/mono/Managed/UnityEngine.UmbraModule.dll\",\"C:/Program Files/Unity/Hub/Editor/2022.3.27f1/Editor/Data/PlaybackEngines/WindowsStandaloneSupport/Variations/mono/Managed/UnityEngine.UnityAnalyticsCommonModule.dll\",\"C:/Program Files/Unity/Hub/Editor/2022.3.27f1/Editor/Data/PlaybackEngines/WindowsStandaloneSupport/Variations/mono/Managed/UnityEngine.UnityAnalyticsModule.dll\",\"C:/Program Files/Unity/Hub/Editor/2022.3.27f1/Editor/Data/PlaybackEngines/WindowsStandaloneSupport/Variations/mono/Managed/UnityEngine.UnityConnectModule.dll\",\"C:/Program Files/Unity/Hub/Editor/2022.3.27f1/Editor/Data/PlaybackEngines/WindowsStandaloneSupport/Variations/mono/Managed/UnityEngine.UnityCurlModule.dll\",\"C:/Program Files/Unity/Hub/Editor/2022.3.27f1/Editor/Data/PlaybackEngines/WindowsStandaloneSupport/Variations/mono/Managed/UnityEngine.UnityTestProtocolModule.dll\",\"C:/Program Files/Unity/Hub/Editor/2022.3.27f1/Editor/Data/PlaybackEngines/WindowsStandaloneSupport/Variations/mono/Managed/UnityEngine.UnityWebRequestAssetBundleModule.dll\",\"C:/Program Files/Unity/Hub/Editor/2022.3.27f1/Editor/Data/PlaybackEngines/WindowsStandaloneSupport/Variations/mono/Managed/UnityEngine.UnityWebRequestAudioModule.dll\",\"C:/Program Files/Unity/Hub/Editor/2022.3.27f1/Editor/Data/PlaybackEngines/WindowsStandaloneSupport/Variations/mono/Managed/UnityEngine.UnityWebRequestModule.dll\",\"C:/Program Files/Unity/Hub/Editor/2022.3.27f1/Editor/Data/PlaybackEngines/WindowsStandaloneSupport/Variations/mono/Managed/UnityEngine.UnityWebRequestTextureModule.dll\",\"C:/Program Files/Unity/Hub/Editor/2022.3.27f1/Editor/Data/PlaybackEngines/WindowsStandaloneSupport/Variations/mono/Managed/UnityEngine.UnityWebRequestWWWModule.dll\",\"C:/Program Files/Unity/Hub/Editor/2022.3.27f1/Editor/Data/PlaybackEngines/WindowsStandaloneSupport/Variations/mono/Managed/UnityEngine.VFXModule.dll\",\"C:/Program Files/Unity/Hub/Editor/2022.3.27f1/Editor/Data/PlaybackEngines/WindowsStandaloneSupport/Variations/mono/Managed/UnityEngine.VRModule.dll\",\"C:/Program Files/Unity/Hub/Editor/2022.3.27f1/Editor/Data/PlaybackEngines/WindowsStandaloneSupport/Variations/mono/Managed/UnityEngine.VehiclesModule.dll\",\"C:/Program Files/Unity/Hub/Editor/2022.3.27f1/Editor/Data/PlaybackEngines/WindowsStandaloneSupport/Variations/mono/Managed/UnityEngine.VideoModule.dll\",\"C:/Program Files/Unity/Hub/Editor/2022.3.27f1/Editor/Data/PlaybackEngines/WindowsStandaloneSupport/Variations/mono/Managed/UnityEngine.VirtualTexturingModule.dll\",\"C:/Program Files/Unity/Hub/Editor/2022.3.27f1/Editor/Data/PlaybackEngines/WindowsStandaloneSupport/Variations/mono/Managed/UnityEngine.WindModule.dll\",\"C:/Program Files/Unity/Hub/Editor/2022.3.27f1/Editor/Data/PlaybackEngines/WindowsStandaloneSupport/Variations/mono/Managed/UnityEngine.XRModule.dll\",\"C:/Program Files/Unity/Hub/Editor/2022.3.27f1/Editor/Data/PlaybackEngines/WindowsStandaloneSupport/Variations/mono/Managed/UnityEngine.dll\",\"C:/Users/4tyle/My project/Library/Bee/PlayerScriptAssemblies/Assembly-CSharp.dll\",\"C:/Users/4tyle/My project/Library/Bee/PlayerScriptAssemblies/Unity.Timeline.dll\",\"C:/Users/4tyle/My project/Library/Bee/PlayerScriptAssemblies/UnityEngine.UI.dll\",\"C:/Users/4tyle/My project/Library/Bee/PlayerScriptAssemblies/Unity.AI.Navigation.dll\",\"C:/Users/4tyle/My project/Library/Bee/PlayerScriptAssemblies/Unity.TextMeshPro.dll\",\"C:/Users/4tyle/My project/Library/Bee/PlayerScriptAssemblies/Unity.VisualScripting.Core.dll\",\"C:/Users/4tyle/My project/Library/Bee/PlayerScriptAssemblies/Unity.VisualScripting.State.dll\",\"C:/Users/4tyle/My project/Library/Bee/PlayerScriptAssemblies/Unity.VisualScripting.Flow.dll\",\"C:/Users/4tyle/My project/Library/PackageCache/com.unity.visualscripting@1.9.4/Runtime/VisualScripting.Flow/Dependencies/NCalc/Unity.VisualScripting.Antlr3.Runtime.dll\",\"C:/Program Files/Unity/Hub/Editor/2022.3.27f1/Editor/Data/MonoBleedingEdge/lib/mono/unityjit-win32/Facades/netstandard.dll\",\"C:/Program Files/Unity/Hub/Editor/2022.3.27f1/Editor/Data/MonoBleedingEdge/lib/mono/unityjit-win32/Mono.Security.dll\",\"C:/Program Files/Unity/Hub/Editor/2022.3.27f1/Editor/Data/MonoBleedingEdge/lib/mono/unityjit-win32/System.ComponentModel.Composition.dll\",\"C:/Program Files/Unity/Hub/Editor/2022.3.27f1/Editor/Data/MonoBleedingEdge/lib/mono/unityjit-win32/System.Configuration.dll\",\"C:/Program Files/Unity/Hub/Editor/2022.3.27f1/Editor/Data/MonoBleedingEdge/lib/mono/unityjit-win32/System.Core.dll\",\"C:/Program Files/Unity/Hub/Editor/2022.3.27f1/Editor/Data/MonoBleedingEdge/lib/mono/unityjit-win32/System.Data.DataSetExtensions.dll\",\"C:/Program Files/Unity/Hub/Editor/2022.3.27f1/Editor/Data/MonoBleedingEdge/lib/mono/unityjit-win32/System.Data.dll\",\"C:/Program Files/Unity/Hub/Editor/2022.3.27f1/Editor/Data/MonoBleedingEdge/lib/mono/unityjit-win32/System.Drawing.dll\",\"C:/Program Files/Unity/Hub/Editor/2022.3.27f1/Editor/Data/MonoBleedingEdge/lib/mono/unityjit-win32/System.EnterpriseServices.dll\",\"C:/Program Files/Unity/Hub/Editor/2022.3.27f1/Editor/Data/MonoBleedingEdge/lib/mono/unityjit-win32/System.IO.Compression.FileSystem.dll\",\"C:/Program Files/Unity/Hub/Editor/2022.3.27f1/Editor/Data/MonoBleedingEdge/lib/mono/unityjit-win32/System.IO.Compression.dll\",\"C:/Program Files/Unity/Hub/Editor/2022.3.27f1/Editor/Data/MonoBleedingEdge/lib/mono/unityjit-win32/System.Net.Http.dll\",\"C:/Program Files/Unity/Hub/Editor/2022.3.27f1/Editor/Data/MonoBleedingEdge/lib/mono/unityjit-win32/System.Numerics.dll\",\"C:/Program Files/Unity/Hub/Editor/2022.3.27f1/Editor/Data/MonoBleedingEdge/lib/mono/unityjit-win32/System.Runtime.Serialization.dll\",\"C:/Program Files/Unity/Hub/Editor/2022.3.27f1/Editor/Data/MonoBleedingEdge/lib/mono/unityjit-win32/System.Security.dll\",\"C:/Program Files/Unity/Hub/Editor/2022.3.27f1/Editor/Data/MonoBleedingEdge/lib/mono/unityjit-win32/System.ServiceModel.Internals.dll\",\"C:/Program Files/Unity/Hub/Editor/2022.3.27f1/Editor/Data/MonoBleedingEdge/lib/mono/unityjit-win32/System.Transactions.dll\",\"C:/Program Files/Unity/Hub/Editor/2022.3.27f1/Editor/Data/MonoBleedingEdge/lib/mono/unityjit-win32/System.Xml.Linq.dll\",\"C:/Program Files/Unity/Hub/Editor/2022.3.27f1/Editor/Data/MonoBleedingEdge/lib/mono/unityjit-win32/System.Xml.dll\",\"C:/Program Files/Unity/Hub/Editor/2022.3.27f1/Editor/Data/MonoBleedingEdge/lib/mono/unityjit-win32/System.dll\",\"C:/Program Files/Unity/Hub/Editor/2022.3.27f1/Editor/Data/MonoBleedingEdge/lib/mono/unityjit-win32/mscorlib.dll\",\"Library/Bee/Playere0bc199e-inputdata.json\"],\"targetDirectories\":[]}}","oldvalue":null}]}
{"msg":"runNodeAction","annotation":"WriteText Library/Bee/artifacts/csharpactions/boot.config_tyr4.info","displayName":"Writing boot.config_tyr4.info","index":20}
{"msg":"noderesult","processed_node_count":25,"number_of_nodes_ever_queued":147,"annotation":"WriteText Library/Bee/artifacts/csharpactions/boot.config_tyr4.info","index":20,"exitcode":0,"outputfile":"Library\\Bee\\artifacts\\csharpactions\\boot.config_tyr4.info"}
{"msg":"inputSignatureChanged","annotation":"CopyFiles Build/My project_Data/Managed/Assembly-CSharp.dll","index":91,"changes":[{"key":"FileList","value":["C:\\Users\\4tyle\\My project\\Library\\Bee\\PlayerScriptAssemblies\\Assembly-CSharp.dll"],"oldvalue":[],"dependency":"explicit"}]}
{"msg":"runNodeAction","annotation":"CopyFiles Build/My project_Data/Managed/Assembly-CSharp.dll","displayName":"Copying Assembly-CSharp.dll","index":91}
{"msg":"newNode","annotation":"CopyFiles Build/My project_Data/sharedassets2.assets","index":19}
{"msg":"runNodeAction","annotation":"CopyFiles Build/My project_Data/sharedassets2.assets","displayName":"Copying sharedassets2.assets","index":19}
{"msg":"inputSignatureChanged","annotation":"CopyFiles Build/My project_Data/sharedassets1.assets.resS","index":18,"changes":[{"key":"FileList","value":["Library\\PlayerDataCache\\Win64\\Data\\sharedassets1.assets.resS"],"oldvalue":[],"dependency":"explicit"}]}
{"msg":"runNodeAction","annotation":"CopyFiles Build/My project_Data/sharedassets1.assets.resS","displayName":"Copying sharedassets1.assets.resS","index":18}
{"msg":"inputSignatureChanged","annotation":"CopyFiles Build/My project_Data/sharedassets1.assets","index":17,"changes":[{"key":"FileList","value":["Library\\PlayerDataCache\\Win64\\Data\\sharedassets1.assets"],"oldvalue":[],"dependency":"explicit"}]}
{"msg":"runNodeAction","annotation":"CopyFiles Build/My project_Data/sharedassets1.assets","displayName":"Copying sharedassets1.assets","index":17}
{"msg":"inputSignatureChanged","annotation":"CopyFiles Build/My project_Data/sharedassets0.assets.resS","index":16,"changes":[{"key":"FileList","value":["Library\\PlayerDataCache\\Win64\\Data\\sharedassets0.assets.resS"],"oldvalue":[],"dependency":"explicit"}]}
{"msg":"runNodeAction","annotation":"CopyFiles Build/My project_Data/sharedassets0.assets.resS","displayName":"Copying sharedassets0.assets.resS","index":16}
{"msg":"inputSignatureChanged","annotation":"CopyFiles Build/My project_Data/sharedassets0.assets","index":15,"changes":[{"key":"FileList","value":["Library\\PlayerDataCache\\Win64\\Data\\sharedassets0.assets"],"oldvalue":[],"dependency":"explicit"}]}
{"msg":"runNodeAction","annotation":"CopyFiles Build/My project_Data/sharedassets0.assets","displayName":"Copying sharedassets0.assets","index":15}
{"msg":"noderesult","processed_node_count":125,"number_of_nodes_ever_queued":147,"annotation":"CopyFiles Build/My project_Data/sharedassets0.assets","index":15,"exitcode":0,"outputfile":"Build\\My project_Data\\sharedassets0.assets"}
{"msg":"noderesult","processed_node_count":125,"number_of_nodes_ever_queued":147,"annotation":"CopyFiles Build/My project_Data/Managed/Assembly-CSharp.dll","index":91,"exitcode":0,"outputfile":"Build\\My project_Data\\Managed\\Assembly-CSharp.dll"}
{"msg":"noderesult","processed_node_count":125,"number_of_nodes_ever_queued":147,"annotation":"CopyFiles Build/My project_Data/sharedassets2.assets","index":19,"exitcode":0,"outputfile":"Build\\My project_Data\\sharedassets2.assets"}
{"msg":"noderesult","processed_node_count":125,"number_of_nodes_ever_queued":147,"annotation":"CopyFiles Build/My project_Data/sharedassets1.assets.resS","index":18,"exitcode":0,"outputfile":"Build\\My project_Data\\sharedassets1.assets.resS"}
{"msg":"inputSignatureChanged","annotation":"CopyFiles Build/My project_Data/Resources/unity_builtin_extra","index":12,"changes":[{"key":"FileList","value":["Library\\PlayerDataCache\\Win64\\Data\\Resources\\unity_builtin_extra"],"oldvalue":[],"dependency":"explicit"}]}
{"msg":"runNodeAction","annotation":"CopyFiles Build/My project_Data/Resources/unity_builtin_extra","displayName":"Copying unity_builtin_extra","index":12}
{"msg":"inputSignatureChanged","annotation":"CopyFiles Build/My project_Data/resources.assets.resS","index":11,"changes":[{"key":"FileList","value":["Library\\PlayerDataCache\\Win64\\Data\\resources.assets.resS"],"oldvalue":[],"dependency":"explicit"}]}
{"msg":"runNodeAction","annotation":"CopyFiles Build/My project_Data/resources.assets.resS","displayName":"Copying resources.assets.resS","index":11}
{"msg":"inputSignatureChanged","annotation":"CopyFiles Build/My project_Data/resources.assets","index":10,"changes":[{"key":"FileList","value":["Library\\PlayerDataCache\\Win64\\Data\\resources.assets"],"oldvalue":[],"dependency":"explicit"}]}
{"msg":"newNode","annotation":"CopyFiles Build/My project_Data/level2.resS","index":9}
{"msg":"runNodeAction","annotation":"CopyFiles Build/My project_Data/level2.resS","displayName":"Copying level2.resS","index":9}
{"msg":"runNodeAction","annotation":"CopyFiles Build/My project_Data/resources.assets","displayName":"Copying resources.assets","index":10}
{"msg":"noderesult","processed_node_count":129,"number_of_nodes_ever_queued":147,"annotation":"CopyFiles Build/My project_Data/sharedassets1.assets","index":17,"exitcode":0,"outputfile":"Build\\My project_Data\\sharedassets1.assets"}
{"msg":"newNode","annotation":"CopyFiles Build/My project_Data/level2","index":8}
{"msg":"runNodeAction","annotation":"CopyFiles Build/My project_Data/level2","displayName":"Copying level2","index":8}
{"msg":"noderesult","processed_node_count":130,"number_of_nodes_ever_queued":147,"annotation":"CopyFiles Build/My project_Data/sharedassets0.assets.resS","index":16,"exitcode":0,"outputfile":"Build\\My project_Data\\sharedassets0.assets.resS"}
{"msg":"inputSignatureChanged","annotation":"CopyFiles Build/My project_Data/level1.resS","index":7,"changes":[{"key":"FileList","value":["Library\\PlayerDataCache\\Win64\\Data\\level1.resS"],"oldvalue":[],"dependency":"explicit"}]}
{"msg":"runNodeAction","annotation":"CopyFiles Build/My project_Data/level1.resS","displayName":"Copying level1.resS","index":7}
{"msg":"noderesult","processed_node_count":131,"number_of_nodes_ever_queued":147,"annotation":"CopyFiles Build/My project_Data/level2.resS","index":9,"exitcode":0,"outputfile":"Build\\My project_Data\\level2.resS"}
{"msg":"inputSignatureChanged","annotation":"CopyFiles Build/My project_Data/level1","index":6,"changes":[{"key":"FileList","value":["Library\\PlayerDataCache\\Win64\\Data\\level1"],"oldvalue":[],"dependency":"explicit"}]}
{"msg":"runNodeAction","annotation":"CopyFiles Build/My project_Data/level1","displayName":"Copying level1","index":6}
{"msg":"noderesult","processed_node_count":132,"number_of_nodes_ever_queued":147,"annotation":"CopyFiles Build/My project_Data/level2","index":8,"exitcode":0,"outputfile":"Build\\My project_Data\\level2"}
{"msg":"inputSignatureChanged","annotation":"CopyFiles Build/My project_Data/level0.resS","index":5,"changes":[{"key":"FileList","value":["Library\\PlayerDataCache\\Win64\\Data\\level0.resS"],"oldvalue":[],"dependency":"explicit"}]}
{"msg":"runNodeAction","annotation":"CopyFiles Build/My project_Data/level0.resS","displayName":"Copying level0.resS","index":5}
{"msg":"noderesult","processed_node_count":133,"number_of_nodes_ever_queued":147,"annotation":"CopyFiles Build/My project_Data/Resources/unity_builtin_extra","index":12,"exitcode":0,"outputfile":"Build\\My project_Data\\Resources\\unity_builtin_extra"}
{"msg":"noderesult","processed_node_count":133,"number_of_nodes_ever_queued":147,"annotation":"CopyFiles Build/My project_Data/resources.assets.resS","index":11,"exitcode":0,"outputfile":"Build\\My project_Data\\resources.assets.resS"}
{"msg":"inputSignatureChanged","annotation":"CopyFiles Build/My project_Data/level0","index":4,"changes":[{"key":"FileList","value":["Library\\PlayerDataCache\\Win64\\Data\\level0"],"oldvalue":[],"dependency":"explicit"}]}
{"msg":"runNodeAction","annotation":"CopyFiles Build/My project_Data/level0","displayName":"Copying level0","index":4}
{"msg":"inputSignatureChanged","annotation":"CopyFiles Build/My project_Data/globalgamemanagers.assets.resS","index":3,"changes":[{"key":"FileList","value":["Library\\PlayerDataCache\\Win64\\Data\\globalgamemanagers.assets.resS"],"oldvalue":[],"dependency":"explicit"}]}
{"msg":"runNodeAction","annotation":"CopyFiles Build/My project_Data/globalgamemanagers.assets.resS","displayName":"Copying globalgamemanagers.assets.resS","index":3}
{"msg":"noderesult","processed_node_count":135,"number_of_nodes_ever_queued":147,"annotation":"CopyFiles Build/My project_Data/resources.assets","index":10,"exitcode":0,"outputfile":"Build\\My project_Data\\resources.assets"}
{"msg":"inputSignatureChanged","annotation":"CopyFiles Build/My project_Data/globalgamemanagers.assets","index":2,"changes":[{"key":"FileList","value":["Library\\PlayerDataCache\\Win64\\Data\\globalgamemanagers.assets"],"oldvalue":[],"dependency":"explicit"}]}
{"msg":"runNodeAction","annotation":"CopyFiles Build/My project_Data/globalgamemanagers.assets","displayName":"Copying globalgamemanagers.assets","index":2}
{"msg":"noderesult","processed_node_count":136,"number_of_nodes_ever_queued":147,"annotation":"CopyFiles Build/My project_Data/level0.resS","index":5,"exitcode":0,"outputfile":"Build\\My project_Data\\level0.resS"}
{"msg":"inputSignatureChanged","annotation":"CopyFiles Build/My project_Data/globalgamemanagers","index":1,"changes":[{"key":"FileList","value":["Library\\PlayerDataCache\\Win64\\Data\\globalgamemanagers"],"oldvalue":[],"dependency":"explicit"}]}
{"msg":"runNodeAction","annotation":"CopyFiles Build/My project_Data/globalgamemanagers","displayName":"Copying globalgamemanagers","index":1}
{"msg":"noderesult","processed_node_count":137,"number_of_nodes_ever_queued":147,"annotation":"CopyFiles Build/My project_Data/level0","index":4,"exitcode":0,"outputfile":"Build\\My project_Data\\level0"}
{"msg":"noderesult","processed_node_count":137,"number_of_nodes_ever_queued":147,"annotation":"CopyFiles Build/My project_Data/level1","index":6,"exitcode":0,"outputfile":"Build\\My project_Data\\level1"}
{"msg":"noderesult","processed_node_count":139,"number_of_nodes_ever_queued":147,"annotation":"CopyFiles Build/My project_Data/globalgamemanagers","index":1,"exitcode":0,"outputfile":"Build\\My project_Data\\globalgamemanagers"}
{"msg":"noderesult","processed_node_count":140,"number_of_nodes_ever_queued":147,"annotation":"CopyFiles Build/My project_Data/globalgamemanagers.assets.resS","index":3,"exitcode":0,"outputfile":"Build\\My project_Data\\globalgamemanagers.assets.resS"}
{"msg":"inputSignatureChanged","annotation":"AddBootConfigGUID Library/Bee/artifacts/WinPlayerBuildProgram/boot.config","index":21,"changes":[{"key":"Action","value":"\"C:\\Program Files\\Unity\\Hub\\Editor\\2022.3.27f1\\Editor\\Data\\Tools\\netcorerun\\netcorerun.exe\" \"C:\\Program Files\\Unity\\Hub\\Editor\\2022.3.27f1\\Editor\\Data\\PlaybackEngines\\WindowsStandaloneSupport\\WinPlayerBuildProgram.exe\" \"C:/Program Files/Unity/Hub/Editor/2022.3.27f1/Editor/Data/PlaybackEngines/WindowsStandaloneSupport/Bee;C:/Program Files/Unity/Hub/Editor/2022.3.27f1/Editor/Data/Tools/BuildPipeline\" invoke_static_method \"Library\\Bee\\artifacts\\csharpactions\\boot.config_tyr4.info\"","oldvalue":null},{"key":"FileList","value":["Library\\PlayerDataCache\\Win64\\Data\\boot.config","Library\\PlayerDataCache\\Win64\\Data\\boot.config","Library\\PlayerDataCache\\Win64\\Data\\globalgamemanagers","Library\\PlayerDataCache\\Win64\\Data\\globalgamemanagers.assets","Library\\PlayerDataCache\\Win64\\Data\\globalgamemanagers.assets.resS","Library\\PlayerDataCache\\Win64\\Data\\level0","Library\\PlayerDataCache\\Win64\\Data\\level0.resS","Library\\PlayerDataCache\\Win64\\Data\\level1","Library\\PlayerDataCache\\Win64\\Data\\level1.resS","Library\\PlayerDataCache\\Win64\\Data\\level2","Library\\PlayerDataCache\\Win64\\Data\\level2.resS","Library\\PlayerDataCache\\Win64\\Data\\resources.assets","Library\\PlayerDataCache\\Win64\\Data\\resources.assets.resS","Library\\PlayerDataCache\\Win64\\Data\\Resources\\unity_builtin_extra","Library\\PlayerDataCache\\Win64\\Data\\RuntimeInitializeOnLoads.json","Library\\PlayerDataCache\\Win64\\Data\\ScriptingAssemblies.json","Library\\PlayerDataCache\\Win64\\Data\\sharedassets0.assets","Library\\PlayerDataCache\\Win64\\Data\\sharedassets0.assets.resS","Library\\PlayerDataCache\\Win64\\Data\\sharedassets1.assets","Library\\PlayerDataCache\\Win64\\Data\\sharedassets1.assets.resS","Library\\PlayerDataCache\\Win64\\Data\\sharedassets2.assets","C:\\Program Files\\Unity\\Hub\\Editor\\2022.3.27f1\\Editor\\Data\\PlaybackEngines\\WindowsStandaloneSupport\\Variations\\mono\\Managed\\UnityEngine.AIModule.dll","C:\\Program Files\\Unity\\Hub\\Editor\\2022.3.27f1\\Editor\\Data\\PlaybackEngines\\WindowsStandaloneSupport\\Variations\\mono\\Managed\\UnityEngine.ARModule.dll","C:\\Program Files\\Unity\\Hub\\Editor\\2022.3.27f1\\Editor\\Data\\PlaybackEngines\\WindowsStandaloneSupport\\Variations\\mono\\Managed\\UnityEngine.AccessibilityModule.dll","C:\\Program Files\\Unity\\Hub\\Editor\\2022.3.27f1\\Editor\\Data\\PlaybackEngines\\WindowsStandaloneSupport\\Variations\\mono\\Managed\\UnityEngine.AndroidJNIModule.dll","C:\\Program Files\\Unity\\Hub\\Editor\\2022.3.27f1\\Editor\\Data\\PlaybackEngines\\WindowsStandaloneSupport\\Variations\\mono\\Managed\\UnityEngine.AnimationModule.dll","C:\\Program Files\\Unity\\Hub\\Editor\\2022.3.27f1\\Editor\\Data\\PlaybackEngines\\WindowsStandaloneSupport\\Variations\\mono\\Managed\\UnityEngine.AssetBundleModule.dll","C:\\Program Files\\Unity\\Hub\\Editor\\2022.3.27f1\\Editor\\Data\\PlaybackEngines\\WindowsStandaloneSupport\\Variations\\mono\\Managed\\UnityEngine.AudioModule.dll","C:\\Program Files\\Unity\\Hub\\Editor\\2022.3.27f1\\Editor\\Data\\PlaybackEngines\\WindowsStandaloneSupport\\Variations\\mono\\Managed\\UnityEngine.ClothModule.dll","C:\\Program Files\\Unity\\Hub\\Editor\\2022.3.27f1\\Editor\\Data\\PlaybackEngines\\WindowsStandaloneSupport\\Variations\\mono\\Managed\\UnityEngine.ClusterInputModule.dll","C:\\Program Files\\Unity\\Hub\\Editor\\2022.3.27f1\\Editor\\Data\\PlaybackEngines\\WindowsStandaloneSupport\\Variations\\mono\\Managed\\UnityEngine.ClusterRendererModule.dll","C:\\Program Files\\Unity\\Hub\\Editor\\2022.3.27f1\\Editor\\Data\\PlaybackEngines\\WindowsStandaloneSupport\\Variations\\mono\\Managed\\UnityEngine.ContentLoadModule.dll","C:\\Program Files\\Unity\\Hub\\Editor\\2022.3.27f1\\Editor\\Data\\PlaybackEngines\\WindowsStandaloneSupport\\Variations\\mono\\Managed\\UnityEngine.CoreModule.dll","C:\\Program Files\\Unity\\Hub\\Editor\\2022.3.27f1\\Editor\\Data\\PlaybackEngines\\WindowsStandaloneSupport\\Variations\\mono\\Managed\\UnityEngine.CrashReportingModule.dll","C:\\Program Files\\Unity\\Hub\\Editor\\2022.3.27f1\\Editor\\Data\\PlaybackEngines\\WindowsStandaloneSupport\\Variations\\mono\\Managed\\UnityEngine.DSPGraphModule.dll","C:\\Program Files\\Unity\\Hub\\Editor\\2022.3.27f1\\Editor\\Data\\PlaybackEngines\\WindowsStandaloneSupport\\Variations\\mono\\Managed\\UnityEngine.DirectorModule.dll","C:\\Program Files\\Unity\\Hub\\Editor\\2022.3.27f1\\Editor\\Data\\PlaybackEngines\\WindowsStandaloneSupport\\Variations\\mono\\Managed\\UnityEngine.GIModule.dll","C:\\Program Files\\Unity\\Hub\\Editor\\2022.3.27f1\\Editor\\Data\\PlaybackEngines\\WindowsStandaloneSupport\\Variations\\mono\\Managed\\UnityEngine.GameCenterModule.dll","C:\\Program Files\\Unity\\Hub\\Editor\\2022.3.27f1\\Editor\\Data\\PlaybackEngines\\WindowsStandaloneSupport\\Variations\\mono\\Managed\\UnityEngine.GridModule.dll","C:\\Program Files\\Unity\\Hub\\Editor\\2022.3.27f1\\Editor\\Data\\PlaybackEngines\\WindowsStandaloneSupport\\Variations\\mono\\Managed\\UnityEngine.HotReloadModule.dll","C:\\Program Files\\Unity\\Hub\\Editor\\2022.3.27f1\\Editor\\Data\\PlaybackEngines\\WindowsStandaloneSupport\\Variations\\mono\\Managed\\UnityEngine.IMGUIModule.dll","C:\\Program Files\\Unity\\Hub\\Editor\\2022.3.27f1\\Editor\\Data\\PlaybackEngines\\WindowsStandaloneSupport\\Variations\\mono\\Managed\\UnityEngine.ImageConversionModule.dll","C:\\Program Files\\Unity\\Hub\\Editor\\2022.3.27f1\\Editor\\Data\\PlaybackEngines\\WindowsStandaloneSupport\\Variations\\mono\\Managed\\UnityEngine.InputLegacyModule.dll","C:\\Program Files\\Unity\\Hub\\Editor\\2022.3.27f1\\Editor\\Data\\PlaybackEngines\\WindowsStandaloneSupport\\Variations\\mono\\Managed\\UnityEngine.InputModule.dll","C:\\Program Files\\Unity\\Hub\\Editor\\2022.3.27f1\\Editor\\Data\\PlaybackEngines\\WindowsStandaloneSupport\\Variations\\mono\\Managed\\UnityEngine.JSONSerializeModule.dll","C:\\Program Files\\Unity\\Hub\\Editor\\2022.3.27f1\\Editor\\Data\\PlaybackEngines\\WindowsStandaloneSupport\\Variations\\mono\\Managed\\UnityEngine.LocalizationModule.dll","C:\\Program Files\\Unity\\Hub\\Editor\\2022.3.27f1\\Editor\\Data\\PlaybackEngines\\WindowsStandaloneSupport\\Variations\\mono\\Managed\\UnityEngine.NVIDIAModule.dll","C:\\Program Files\\Unity\\Hub\\Editor\\2022.3.27f1\\Editor\\Data\\PlaybackEngines\\WindowsStandaloneSupport\\Variations\\mono\\Managed\\UnityEngine.ParticleSystemModule.dll","C:\\Program Files\\Unity\\Hub\\Editor\\2022.3.27f1\\Editor\\Data\\PlaybackEngines\\WindowsStandaloneSupport\\Variations\\mono\\Managed\\UnityEngine.PerformanceReportingModule.dll","C:\\Program Files\\Unity\\Hub\\Editor\\2022.3.27f1\\Editor\\Data\\PlaybackEngines\\WindowsStandaloneSupport\\Variations\\mono\\Managed\\UnityEngine.Physics2DModule.dll","C:\\Program Files\\Unity\\Hub\\Editor\\2022.3.27f1\\Editor\\Data\\PlaybackEngines\\WindowsStandaloneSupport\\Variations\\mono\\Managed\\UnityEngine.PhysicsModule.dll","C:\\Program Files\\Unity\\Hub\\Editor\\2022.3.27f1\\Editor\\Data\\PlaybackEngines\\WindowsStandaloneSupport\\Variations\\mono\\Managed\\UnityEngine.ProfilerModule.dll","C:\\Program Files\\Unity\\Hub\\Editor\\2022.3.27f1\\Editor\\Data\\PlaybackEngines\\WindowsStandaloneSupport\\Variations\\mono\\Managed\\UnityEngine.PropertiesModule.dll","C:\\Program Files\\Unity\\Hub\\Editor\\2022.3.27f1\\Editor\\Data\\PlaybackEngines\\WindowsStandaloneSupport\\Variations\\mono\\Managed\\UnityEngine.RuntimeInitializeOnLoadManagerInitializerModule.dll","C:\\Program Files\\Unity\\Hub\\Editor\\2022.3.27f1\\Editor\\Data\\PlaybackEngines\\WindowsStandaloneSupport\\Variations\\mono\\Managed\\UnityEngine.ScreenCaptureModule.dll","C:\\Program Files\\Unity\\Hub\\Editor\\2022.3.27f1\\Editor\\Data\\PlaybackEngines\\WindowsStandaloneSupport\\Variations\\mono\\Managed\\UnityEngine.SharedInternalsModule.dll","C:\\Program Files\\Unity\\Hub\\Editor\\2022.3.27f1\\Editor\\Data\\PlaybackEngines\\WindowsStandaloneSupport\\Variations\\mono\\Managed\\UnityEngine.SpriteMaskModule.dll","C:\\Program Files\\Unity\\Hub\\Editor\\2022.3.27f1\\Editor\\Data\\PlaybackEngines\\WindowsStandaloneSupport\\Variations\\mono\\Managed\\UnityEngine.SpriteShapeModule.dll","C:\\Program Files\\Unity\\Hub\\Editor\\2022.3.27f1\\Editor\\Data\\PlaybackEngines\\WindowsStandaloneSupport\\Variations\\mono\\Managed\\UnityEngine.StreamingModule.dll","C:\\Program Files\\Unity\\Hub\\Editor\\2022.3.27f1\\Editor\\Data\\PlaybackEngines\\WindowsStandaloneSupport\\Variations\\mono\\Managed\\UnityEngine.SubstanceModule.dll","C:\\Program Files\\Unity\\Hub\\Editor\\2022.3.27f1\\Editor\\Data\\PlaybackEngines\\WindowsStandaloneSupport\\Variations\\mono\\Managed\\UnityEngine.SubsystemsModule.dll","C:\\Program Files\\Unity\\Hub\\Editor\\2022.3.27f1\\Editor\\Data\\PlaybackEngines\\WindowsStandaloneSupport\\Variations\\mono\\Managed\\UnityEngine.TLSModule.dll","C:\\Program Files\\Unity\\Hub\\Editor\\2022.3.27f1\\Editor\\Data\\PlaybackEngines\\WindowsStandaloneSupport\\Variations\\mono\\Managed\\UnityEngine.TerrainModule.dll","C:\\Program Files\\Unity\\Hub\\Editor\\2022.3.27f1\\Editor\\Data\\PlaybackEngines\\WindowsStandaloneSupport\\Variations\\mono\\Managed\\UnityEngine.TerrainPhysicsModule.dll","C:\\Program Files\\Unity\\Hub\\Editor\\2022.3.27f1\\Editor\\Data\\PlaybackEngines\\WindowsStandaloneSupport\\Variations\\mono\\Managed\\UnityEngine.TextCoreFontEngineModule.dll","C:\\Program Files\\Unity\\Hub\\Editor\\2022.3.27f1\\Editor\\Data\\PlaybackEngines\\WindowsStandaloneSupport\\Variations\\mono\\Managed\\UnityEngine.TextCoreTextEngineModule.dll","C:\\Program Files\\Unity\\Hub\\Editor\\2022.3.27f1\\Editor\\Data\\PlaybackEngines\\WindowsStandaloneSupport\\Variations\\mono\\Managed\\UnityEngine.TextRenderingModule.dll","C:\\Program Files\\Unity\\Hub\\Editor\\2022.3.27f1\\Editor\\Data\\PlaybackEngines\\WindowsStandaloneSupport\\Variations\\mono\\Managed\\UnityEngine.TilemapModule.dll","C:\\Program Files\\Unity\\Hub\\Editor\\2022.3.27f1\\Editor\\Data\\PlaybackEngines\\WindowsStandaloneSupport\\Variations\\mono\\Managed\\UnityEngine.UIElementsModule.dll","C:\\Program Files\\Unity\\Hub\\Editor\\2022.3.27f1\\Editor\\Data\\PlaybackEngines\\WindowsStandaloneSupport\\Variations\\mono\\Managed\\UnityEngine.UIModule.dll","C:\\Program Files\\Unity\\Hub\\Editor\\2022.3.27f1\\Editor\\Data\\PlaybackEngines\\WindowsStandaloneSupport\\Variations\\mono\\Managed\\UnityEngine.UmbraModule.dll","C:\\Program Files\\Unity\\Hub\\Editor\\2022.3.27f1\\Editor\\Data\\PlaybackEngines\\WindowsStandaloneSupport\\Variations\\mono\\Managed\\UnityEngine.UnityAnalyticsCommonModule.dll","C:\\Program Files\\Unity\\Hub\\Editor\\2022.3.27f1\\Editor\\Data\\PlaybackEngines\\WindowsStandaloneSupport\\Variations\\mono\\Managed\\UnityEngine.UnityAnalyticsModule.dll","C:\\Program Files\\Unity\\Hub\\Editor\\2022.3.27f1\\Editor\\Data\\PlaybackEngines\\WindowsStandaloneSupport\\Variations\\mono\\Managed\\UnityEngine.UnityConnectModule.dll","C:\\Program Files\\Unity\\Hub\\Editor\\2022.3.27f1\\Editor\\Data\\PlaybackEngines\\WindowsStandaloneSupport\\Variations\\mono\\Managed\\UnityEngine.UnityCurlModule.dll","C:\\Program Files\\Unity\\Hub\\Editor\\2022.3.27f1\\Editor\\Data\\PlaybackEngines\\WindowsStandaloneSupport\\Variations\\mono\\Managed\\UnityEngine.UnityTestProtocolModule.dll","C:\\Program Files\\Unity\\Hub\\Editor\\2022.3.27f1\\Editor\\Data\\PlaybackEngines\\WindowsStandaloneSupport\\Variations\\mono\\Managed\\UnityEngine.UnityWebRequestAssetBundleModule.dll","C:\\Program Files\\Unity\\Hub\\Editor\\2022.3.27f1\\Editor\\Data\\PlaybackEngines\\WindowsStandaloneSupport\\Variations\\mono\\Managed\\UnityEngine.UnityWebRequestAudioModule.dll","C:\\Program Files\\Unity\\Hub\\Editor\\2022.3.27f1\\Editor\\Data\\PlaybackEngines\\WindowsStandaloneSupport\\Variations\\mono\\Managed\\UnityEngine.UnityWebRequestModule.dll","C:\\Program Files\\Unity\\Hub\\Editor\\2022.3.27f1\\Editor\\Data\\PlaybackEngines\\WindowsStandaloneSupport\\Variations\\mono\\Managed\\UnityEngine.UnityWebRequestTextureModule.dll","C:\\Program Files\\Unity\\Hub\\Editor\\2022.3.27f1\\Editor\\Data\\PlaybackEngines\\WindowsStandaloneSupport\\Variations\\mono\\Managed\\UnityEngine.UnityWebRequestWWWModule.dll","C:\\Program Files\\Unity\\Hub\\Editor\\2022.3.27f1\\Editor\\Data\\PlaybackEngines\\WindowsStandaloneSupport\\Variations\\mono\\Managed\\UnityEngine.VFXModule.dll","C:\\Program Files\\Unity\\Hub\\Editor\\2022.3.27f1\\Editor\\Data\\PlaybackEngines\\WindowsStandaloneSupport\\Variations\\mono\\Managed\\UnityEngine.VRModule.dll","C:\\Program Files\\Unity\\Hub\\Editor\\2022.3.27f1\\Editor\\Data\\PlaybackEngines\\WindowsStandaloneSupport\\Variations\\mono\\Managed\\UnityEngine.VehiclesModule.dll","C:\\Program Files\\Unity\\Hub\\Editor\\2022.3.27f1\\Editor\\Data\\PlaybackEngines\\WindowsStandaloneSupport\\Variations\\mono\\Managed\\UnityEngine.VideoModule.dll","C:\\Program Files\\Unity\\Hub\\Editor\\2022.3.27f1\\Editor\\Data\\PlaybackEngines\\WindowsStandaloneSupport\\Variations\\mono\\Managed\\UnityEngine.VirtualTexturingModule.dll","C:\\Program Files\\Unity\\Hub\\Editor\\2022.3.27f1\\Editor\\Data\\PlaybackEngines\\WindowsStandaloneSupport\\Variations\\mono\\Managed\\UnityEngine.WindModule.dll","C:\\Program Files\\Unity\\Hub\\Editor\\2022.3.27f1\\Editor\\Data\\PlaybackEngines\\WindowsStandaloneSupport\\Variations\\mono\\Managed\\UnityEngine.XRModule.dll","C:\\Program Files\\Unity\\Hub\\Editor\\2022.3.27f1\\Editor\\Data\\PlaybackEngines\\WindowsStandaloneSupport\\Variations\\mono\\Managed\\UnityEngine.dll","C:\\Users\\4tyle\\My project\\Library\\Bee\\PlayerScriptAssemblies\\Assembly-CSharp.dll","C:\\Users\\4tyle\\My project\\Library\\Bee\\PlayerScriptAssemblies\\Unity.Timeline.dll","C:\\Users\\4tyle\\My project\\Library\\Bee\\PlayerScriptAssemblies\\UnityEngine.UI.dll","C:\\Users\\4tyle\\My project\\Library\\Bee\\PlayerScriptAssemblies\\Unity.AI.Navigation.dll","C:\\Users\\4tyle\\My project\\Library\\Bee\\PlayerScriptAssemblies\\Unity.TextMeshPro.dll","C:\\Users\\4tyle\\My project\\Library\\Bee\\PlayerScriptAssemblies\\Unity.VisualScripting.Core.dll","C:\\Users\\4tyle\\My project\\Library\\Bee\\PlayerScriptAssemblies\\Unity.VisualScripting.State.dll","C:\\Users\\4tyle\\My project\\Library\\Bee\\PlayerScriptAssemblies\\Unity.VisualScripting.Flow.dll","C:\\Users\\4tyle\\My project\\Library\\PackageCache\\com.unity.visualscripting@1.9.4\\Runtime\\VisualScripting.Flow\\Dependencies\\NCalc\\Unity.VisualScripting.Antlr3.Runtime.dll","C:\\Program Files\\Unity\\Hub\\Editor\\2022.3.27f1\\Editor\\Data\\MonoBleedingEdge\\lib\\mono\\unityjit-win32\\Facades\\netstandard.dll","C:\\Program Files\\Unity\\Hub\\Editor\\2022.3.27f1\\Editor\\Data\\MonoBleedingEdge\\lib\\mono\\unityjit-win32\\Mono.Security.dll","C:\\Program Files\\Unity\\Hub\\Editor\\2022.3.27f1\\Editor\\Data\\MonoBleedingEdge\\lib\\mono\\unityjit-win32\\System.ComponentModel.Composition.dll","C:\\Program Files\\Unity\\Hub\\Editor\\2022.3.27f1\\Editor\\Data\\MonoBleedingEdge\\lib\\mono\\unityjit-win32\\System.Configuration.dll","C:\\Program Files\\Unity\\Hub\\Editor\\2022.3.27f1\\Editor\\Data\\MonoBleedingEdge\\lib\\mono\\unityjit-win32\\System.Core.dll","C:\\Program Files\\Unity\\Hub\\Editor\\2022.3.27f1\\Editor\\Data\\MonoBleedingEdge\\lib\\mono\\unityjit-win32\\System.Data.DataSetExtensions.dll","C:\\Program Files\\Unity\\Hub\\Editor\\2022.3.27f1\\Editor\\Data\\MonoBleedingEdge\\lib\\mono\\unityjit-win32\\System.Data.dll","C:\\Program Files\\Unity\\Hub\\Editor\\2022.3.27f1\\Editor\\Data\\MonoBleedingEdge\\lib\\mono\\unityjit-win32\\System.Drawing.dll","C:\\Program Files\\Unity\\Hub\\Editor\\2022.3.27f1\\Editor\\Data\\MonoBleedingEdge\\lib\\mono\\unityjit-win32\\System.EnterpriseServices.dll","C:\\Program Files\\Unity\\Hub\\Editor\\2022.3.27f1\\Editor\\Data\\MonoBleedingEdge\\lib\\mono\\unityjit-win32\\System.IO.Compression.FileSystem.dll","C:\\Program Files\\Unity\\Hub\\Editor\\2022.3.27f1\\Editor\\Data\\MonoBleedingEdge\\lib\\mono\\unityjit-win32\\System.IO.Compression.dll","C:\\Program Files\\Unity\\Hub\\Editor\\2022.3.27f1\\Editor\\Data\\MonoBleedingEdge\\lib\\mono\\unityjit-win32\\System.Net.Http.dll","C:\\Program Files\\Unity\\Hub\\Editor\\2022.3.27f1\\Editor\\Data\\MonoBleedingEdge\\lib\\mono\\unityjit-win32\\System.Numerics.dll","C:\\Program Files\\Unity\\Hub\\Editor\\2022.3.27f1\\Editor\\Data\\MonoBleedingEdge\\lib\\mono\\unityjit-win32\\System.Runtime.Serialization.dll","C:\\Program Files\\Unity\\Hub\\Editor\\2022.3.27f1\\Editor\\Data\\MonoBleedingEdge\\lib\\mono\\unityjit-win32\\System.Security.dll","C:\\Program Files\\Unity\\Hub\\Editor\\2022.3.27f1\\Editor\\Data\\MonoBleedingEdge\\lib\\mono\\unityjit-win32\\System.ServiceModel.Internals.dll","C:\\Program Files\\Unity\\Hub\\Editor\\2022.3.27f1\\Editor\\Data\\MonoBleedingEdge\\lib\\mono\\unityjit-win32\\System.Transactions.dll","C:\\Program Files\\Unity\\Hub\\Editor\\2022.3.27f1\\Editor\\Data\\MonoBleedingEdge\\lib\\mono\\unityjit-win32\\System.Xml.Linq.dll","C:\\Program Files\\Unity\\Hub\\Editor\\2022.3.27f1\\Editor\\Data\\MonoBleedingEdge\\lib\\mono\\unityjit-win32\\System.Xml.dll","C:\\Program Files\\Unity\\Hub\\Editor\\2022.3.27f1\\Editor\\Data\\MonoBleedingEdge\\lib\\mono\\unityjit-win32\\System.dll","C:\\Program Files\\Unity\\Hub\\Editor\\2022.3.27f1\\Editor\\Data\\MonoBleedingEdge\\lib\\mono\\unityjit-win32\\mscorlib.dll","Library\\Bee\\Playere0bc199e-inputdata.json","Library\\Bee\\artifacts\\csharpactions\\boot.config_tyr4.info","C:\\Program Files\\Unity\\Hub\\Editor\\2022.3.27f1\\Editor\\Data\\Tools\\BuildPipeline\\Bee.BuildTools.dll","C:\\Program Files\\Unity\\Hub\\Editor\\2022.3.27f1\\Editor\\Data\\Tools\\BuildPipeline\\Bee.Core.dll","C:\\Program Files\\Unity\\Hub\\Editor\\2022.3.27f1\\Editor\\Data\\Tools\\BuildPipeline\\Bee.CSharpSupport.dll","C:\\Program Files\\Unity\\Hub\\Editor\\2022.3.27f1\\Editor\\Data\\Tools\\BuildPipeline\\Bee.DotNet.dll","C:\\Program Files\\Unity\\Hub\\Editor\\2022.3.27f1\\Editor\\Data\\Tools\\BuildPipeline\\Bee.NativeProgramSupport.dll","C:\\Program Files\\Unity\\Hub\\Editor\\2022.3.27f1\\Editor\\Data\\Tools\\BuildPipeline\\Bee.Stevedore.Program.exe","C:\\Program Files\\Unity\\Hub\\Editor\\2022.3.27f1\\Editor\\Data\\Tools\\BuildPipeline\\Bee.TinyProfiler2.dll","C:\\Program Files\\Unity\\Hub\\Editor\\2022.3.27f1\\Editor\\Data\\Tools\\BuildPipeline\\Bee.Toolchain.GNU.dll","C:\\Program Files\\Unity\\Hub\\Editor\\2022.3.27f1\\Editor\\Data\\Tools\\BuildPipeline\\Bee.Toolchain.LLVM.dll","C:\\Program Files\\Unity\\Hub\\Editor\\2022.3.27f1\\Editor\\Data\\Tools\\BuildPipeline\\Bee.Toolchain.VisualStudio.dll","C:\\Program Files\\Unity\\Hub\\Editor\\2022.3.27f1\\Editor\\Data\\Tools\\BuildPipeline\\Bee.Toolchain.Xcode.dll","C:\\Program Files\\Unity\\Hub\\Editor\\2022.3.27f1\\Editor\\Data\\Tools\\BuildPipeline\\Bee.Tools.dll","C:\\Program Files\\Unity\\Hub\\Editor\\2022.3.27f1\\Editor\\Data\\Tools\\BuildPipeline\\Bee.TundraBackend.dll","C:\\Program Files\\Unity\\Hub\\Editor\\2022.3.27f1\\Editor\\Data\\Tools\\BuildPipeline\\Bee.VisualStudioSolution.dll","C:\\Program Files\\Unity\\Hub\\Editor\\2022.3.27f1\\Editor\\Data\\Tools\\BuildPipeline\\BeeBuildProgramCommon.Data.dll","C:\\Program Files\\Unity\\Hub\\Editor\\2022.3.27f1\\Editor\\Data\\Tools\\BuildPipeline\\BeeBuildProgramCommon.dll","C:\\Program Files\\Unity\\Hub\\Editor\\2022.3.27f1\\Editor\\Data\\Tools\\BuildPipeline\\BeeLocalCacheTool.exe","C:\\Program Files\\Unity\\Hub\\Editor\\2022.3.27f1\\Editor\\Data\\Tools\\BuildPipeline\\Newtonsoft.Json.dll","C:\\Program Files\\Unity\\Hub\\Editor\\2022.3.27f1\\Editor\\Data\\Tools\\BuildPipeline\\NiceIO.dll","C:\\Program Files\\Unity\\Hub\\Editor\\2022.3.27f1\\Editor\\Data\\Tools\\BuildPipeline\\PlayerBuildProgramLibrary.Data.dll","C:\\Program Files\\Unity\\Hub\\Editor\\2022.3.27f1\\Editor\\Data\\Tools\\BuildPipeline\\PlayerBuildProgramLibrary.dll","C:\\Program Files\\Unity\\Hub\\Editor\\2022.3.27f1\\Editor\\Data\\Tools\\BuildPipeline\\ScriptCompilationBuildProgram.Data.dll","C:\\Program Files\\Unity\\Hub\\Editor\\2022.3.27f1\\Editor\\Data\\Tools\\BuildPipeline\\ScriptCompilationBuildProgram.exe","C:\\Program Files\\Unity\\Hub\\Editor\\2022.3.27f1\\Editor\\Data\\Tools\\BuildPipeline\\SharpYaml.dll","C:\\Program Files\\Unity\\Hub\\Editor\\2022.3.27f1\\Editor\\Data\\Tools\\BuildPipeline\\Unity.Api.Attributes.dll","C:\\Program Files\\Unity\\Hub\\Editor\\2022.3.27f1\\Editor\\Data\\Tools\\BuildPipeline\\Unity.Cecil.dll","C:\\Program Files\\Unity\\Hub\\Editor\\2022.3.27f1\\Editor\\Data\\Tools\\BuildPipeline\\Unity.Cecil.Mdb.dll","C:\\Program Files\\Unity\\Hub\\Editor\\2022.3.27f1\\Editor\\Data\\Tools\\BuildPipeline\\Unity.Cecil.Pdb.dll","C:\\Program Files\\Unity\\Hub\\Editor\\2022.3.27f1\\Editor\\Data\\Tools\\BuildPipeline\\Unity.Cecil.Rocks.dll","C:\\Program Files\\Unity\\Hub\\Editor\\2022.3.27f1\\Editor\\Data\\Tools\\BuildPipeline\\Unity.IL2CPP.Api.dll","C:\\Program Files\\Unity\\Hub\\Editor\\2022.3.27f1\\Editor\\Data\\Tools\\BuildPipeline\\Unity.IL2CPP.Bee.BuildLogic.dll","C:\\Program Files\\Unity\\Hub\\Editor\\2022.3.27f1\\Editor\\Data\\Tools\\BuildPipeline\\Unity.IL2CPP.Bee.IL2CPPExeCompileCppBuildProgram.Data.dll","C:\\Program Files\\Unity\\Hub\\Editor\\2022.3.27f1\\Editor\\Data\\Tools\\BuildPipeline\\Unity.Linker.Api.dll","C:\\Program Files\\Unity\\Hub\\Editor\\2022.3.27f1\\Editor\\Data\\Tools\\BuildPipeline\\Unity.Options.dll"],"oldvalue":[],"dependency":"explicit"}]}
{"msg":"noderesult","processed_node_count":142,"number_of_nodes_ever_queued":147,"annotation":"CopyFiles Build/My project_Data/globalgamemanagers.assets","index":2,"exitcode":0,"outputfile":"Build\\My project_Data\\globalgamemanagers.assets"}
{"msg":"runNodeAction","annotation":"AddBootConfigGUID Library/Bee/artifacts/WinPlayerBuildProgram/boot.config","displayName":"AddBootConfigGUID boot","index":21}
{"msg":"noderesult","processed_node_count":143,"number_of_nodes_ever_queued":147,"annotation":"CopyFiles Build/My project_Data/level1.resS","index":7,"exitcode":0,"outputfile":"Build\\My project_Data\\level1.resS"}
{"msg":"noderesult","processed_node_count":144,"number_of_nodes_ever_queued":147,"annotation":"AddBootConfigGUID Library/Bee/artifacts/WinPlayerBuildProgram/boot.config","index":21,"exitcode":0,"outputfile":"Library\\Bee\\artifacts\\WinPlayerBuildProgram\\boot.config"}
{"msg":"inputSignatureChanged","annotation":"CopyFiles Build/My project_Data/boot.config","index":22,"changes":[{"key":"FileList","value":["Library\\Bee\\artifacts\\WinPlayerBuildProgram\\boot.config"],"oldvalue":[],"dependency":"explicit"}]}
{"msg":"runNodeAction","annotation":"CopyFiles Build/My project_Data/boot.config","displayName":"Copying boot.config","index":22}
{"msg":"noderesult","processed_node_count":145,"number_of_nodes_ever_queued":147,"annotation":"CopyFiles Build/My project_Data/boot.config","index":22,"exitcode":0,"outputfile":"Build\\My project_Data\\boot.config"}
